{
    "mesh": {
        "triangle_list": [
            [
                0,
                1,
                2
            ],
            [
                2,
                3,
                0
            ]
        ],
        "vertex_list": [
            {
                "x": 1.1102230246251565e-15,
                "y": -4.0414518843273814
            },
            {
                "x": 1.7500000000000004,
                "y": -3.0310889132455383
            },
            {
                "x": 0.0,
                "y": 2.8575091980104907e-16
            },
            {
                "x": -1.7500000000000029,
                "y": -3.031088913245535
            }
        ]
    }
}