{
    "triangle_list": [
        [
            0,
            1,
            2
        ],
        [
            2,
            3,
            0
        ]
    ],
    "vertex_list": [
        {
            "x": -3.4999999999999982,
            "y": 2.4999999999999987
        },
        {
            "x": -3.9999999999999987,
            "y": 2.9999999999999987
        },
        {
            "x": -4.499999999999998,
            "y": 2.4999999999999987
        },
        {
            "x": -3.9999999999999996,
            "y": 1.9999999999999998
        }
    ]
}