{
    "mesh": {
        "triangle_list": [
            [
                0,
                1,
                2
            ],
            [
                2,
                3,
                0
            ]
        ],
        "vertex_list": [
            {
                "x": -8.000000000000002,
                "y": -8.0
            },
            {
                "x": -9.000000000000002,
                "y": -7.999999999999998
            },
            {
                "x": -9.000000000000002,
                "y": -8.999999999999996
            },
            {
                "x": -8.000000000000004,
                "y": -8.999999999999996
            }
        ]
    }
}