{
    "mesh": {
        "triangle_list": [
            [
                0,
                1,
                2
            ],
            [
                2,
                3,
                0
            ]
        ],
        "vertex_list": [
            {
                "x": 0.7071067811865477,
                "y": -0.7071067811865477
            },
            {
                "x": 1.4142135623730951,
                "y": 0.0
            },
            {
                "x": 0.7071067811865475,
                "y": 0.7071067811865475
            },
            {
                "x": 0.0,
                "y": 0.0
            }
        ]
    }
}