{
    "triangle_list": [
        [
            0,
            1,
            2
        ],
        [
            2,
            3,
            0
        ]
    ],
    "vertex_list": [
        {
            "x": -0.12857370810210766,
            "y": 2.013743173489328
        },
        {
            "x": -0.2744717418524236,
            "y": 2.462771150068914
        },
        {
            "x": -1.2255282581475768,
            "y": 2.1537541556939663
        },
        {
            "x": -1.0796302243972613,
            "y": 1.7047261791143808
        }
    ]
}