{
    "triangle_list": [
        [
            0,
            1,
            2
        ],
        [
            2,
            3,
            0
        ]
    ],
    "vertex_list": [
        {
            "x": -5.999999999999998,
            "y": 1.3322676295501878e-15
        },
        {
            "x": -6.5,
            "y": 0.5000000000000004
        },
        {
            "x": -7.0,
            "y": 8.572527594031472e-16
        },
        {
            "x": -6.5,
            "y": -0.4999999999999996
        }
    ]
}