{
    "triangle_list": [
        [
            0,
            1,
            2
        ],
        [
            2,
            3,
            0
        ]
    ],
    "vertex_list": [
        {
            "x": -1.9999999999999998,
            "y": 1.0000000000000009
        },
        {
            "x": -2.4999999999999996,
            "y": 1.0000000000000009
        },
        {
            "x": -2.5000000000000004,
            "y": 0.5
        },
        {
            "x": -1.9999999999999993,
            "y": 0.5000000000000003
        }
    ]
}