{
    "triangle_list": [
        [
            0,
            1,
            2
        ],
        [
            2,
            3,
            0
        ]
    ],
    "vertex_list": [
        {
            "x": -0.6285737081021066,
            "y": 3.552584942076958
        },
        {
            "x": -1.5796302243972598,
            "y": 3.2435679477020103
        },
        {
            "x": -1.4755282581475753,
            "y": 2.9231750399877803
        },
        {
            "x": -0.5244717418524224,
            "y": 3.2321920343627273
        }
    ]
}