{
    "triangle_list": [
        [
            0,
            1,
            2
        ],
        [
            2,
            3,
            0
        ]
    ],
    "vertex_list": [
        {
            "x": 4.0,
            "y": -4.000000000000001
        },
        {
            "x": 4.0,
            "y": -3.000000000000002
        },
        {
            "x": 3.0,
            "y": -3.000000000000001
        },
        {
            "x": 3.0000000000000004,
            "y": -4.000000000000001
        }
    ]
}