{
    "mesh": {
        "triangle_list": [
            [
                0,
                1,
                2
            ]
        ],
        "vertex_list": [
            {
                "x": 3.0,
                "y": 1.7320508075688776
            },
            {
                "x": 2.866025403784439,
                "y": 1.9641016151377542
            },
            {
                "x": 2.5000000000000004,
                "y": 1.8660254037844386
            }
        ]
    }
}