{
    "mesh": {
        "triangle_list": [
            [
                0,
                1,
                2
            ],
            [
                2,
                3,
                0
            ]
        ],
        "vertex_list": [
            {
                "x": -1.7255282581475768,
                "y": -3.692595924281593
            },
            {
                "x": -0.774471741852424,
                "y": -4.00161291865654
            },
            {
                "x": -0.5244717418524241,
                "y": -3.2321920343627273
            },
            {
                "x": -1.4755282581475768,
                "y": -2.92317503998778
            }
        ]
    }
}