{
    "mesh": {
        "triangle_list": [
            [
                0,
                1,
                2
            ],
            [
                2,
                3,
                0
            ]
        ],
        "vertex_list": [
            {
                "x": -4.999999999999999,
                "y": 1.3322676295501878e-15
            },
            {
                "x": -6.0,
                "y": 1.0000000000000004
            },
            {
                "x": -7.0,
                "y": 8.572527594031471e-16
            },
            {
                "x": -6.0,
                "y": -0.9999999999999998
            }
        ]
    }
}