{
    "mesh": {
        "triangle_list": [
            [
                0,
                1,
                2
            ],
            [
                2,
                3,
                0
            ]
        ],
        "vertex_list": [
            {
                "x": -4.999999999999999,
                "y": 2.000000000000001
            },
            {
                "x": -3.999999999999999,
                "y": 1.0000000000000009
            },
            {
                "x": -2.9999999999999996,
                "y": 2.0000000000000004
            },
            {
                "x": -3.999999999999999,
                "y": 3.0
            }
        ]
    }
}