{
    "triangle_list": [
        [
            0,
            1,
            2
        ],
        [
            2,
            3,
            0
        ]
    ],
    "vertex_list": [
        {
            "x": 1.602909620521184,
            "y": 0.54654801910768
        },
        {
            "x": 2.2574181177086574,
            "y": 1.022076277255257
        },
        {
            "x": 1.6696328654161852,
            "y": 1.8310932716302033
        },
        {
            "x": 1.0151243682287112,
            "y": 1.355565013482627
        }
    ]
}