{
    "triangle_list": [
        [
            0,
            1,
            2
        ],
        [
            2,
            3,
            0
        ]
    ],
    "vertex_list": [
        {
            "x": -3.500000000000001,
            "y": 6.06217782649107
        },
        {
            "x": -7.0,
            "y": 0.0
        },
        {
            "x": 7.0,
            "y": 0.0
        },
        {
            "x": 3.500000000000001,
            "y": 6.06217782649107
        }
    ]
}