{
    "triangle_list": [
        [
            0,
            1,
            2
        ],
        [
            2,
            3,
            0
        ]
    ],
    "vertex_list": [
        {
            "x": 5.0,
            "y": -1.9999999999999998
        },
        {
            "x": 4.0,
            "y": -1.0
        },
        {
            "x": 3.0,
            "y": -2.0
        },
        {
            "x": 3.9999999999999996,
            "y": -3.0
        }
    ]
}