{
    "mesh": {
        "triangle_list": [
            [
                0,
                1,
                2
            ],
            [
                2,
                3,
                0
            ]
        ],
        "vertex_list": [
            {
                "x": -1.57963022439726,
                "y": 3.2435679477020085
            },
            {
                "x": -0.6285737081021064,
                "y": 3.5525849420769546
            },
            {
                "x": -0.774471741852421,
                "y": 4.001612918656541
            },
            {
                "x": -1.7255282581475742,
                "y": 3.6925959242815938
            }
        ]
    }
}