{
    "triangle_list": [
        [
            0,
            1,
            2
        ],
        [
            2,
            3,
            0
        ]
    ],
    "vertex_list": [
        {
            "x": 0.0,
            "y": 4.041451884327382
        },
        {
            "x": -1.7500000000000007,
            "y": 3.0310889132455365
        },
        {
            "x": 0.0,
            "y": 2.8575091980104907e-16
        },
        {
            "x": 1.7500000000000007,
            "y": 3.0310889132455365
        }
    ]
}