{
    "mesh": {
        "triangle_list": [
            [
                0,
                1,
                2
            ],
            [
                2,
                3,
                0
            ]
        ],
        "vertex_list": [
            {
                "x": -1.7255282581475742,
                "y": 3.6925959242815938
            },
            {
                "x": -1.4755282581475744,
                "y": 2.9231750399877807
            },
            {
                "x": -0.5244717418524211,
                "y": 3.2321920343627273
            },
            {
                "x": -0.774471741852421,
                "y": 4.001612918656541
            }
        ]
    }
}