{
    "triangle_list": [
        [
            0,
            1,
            2
        ]
    ],
    "vertex_list": [
        {
            "x": 4.5,
            "y": 3.4641016151377544
        },
        {
            "x": -1.5,
            "y": 1.3322676295501878e-15
        },
        {
            "x": 4.499999999999998,
            "y": -3.464101615137756
        }
    ]
}