{
    "triangle_list": [
        [
            0,
            1,
            2
        ]
    ],
    "vertex_list": [
        {
            "x": 1.0000000000000002,
            "y": 1.0
        },
        {
            "x": 0.6339745962155614,
            "y": 1.3660254037844388
        },
        {
            "x": 0.7320508075688783,
            "y": 1.0000000000000002
        }
    ]
}