{
    "mesh": {
        "triangle_list": [
            [
                0,
                1,
                2
            ],
            [
                2,
                3,
                0
            ]
        ],
        "vertex_list": [
            {
                "x": -8.0,
                "y": -1.9999999999999964
            },
            {
                "x": -10.0,
                "y": -1.9999999999999973
            },
            {
                "x": -10.0,
                "y": -3.9999999999999964
            },
            {
                "x": -8.0,
                "y": -3.999999999999997
            }
        ]
    }
}