{
    "triangle_list": [
        [
            0,
            1,
            2
        ],
        [
            2,
            3,
            0
        ]
    ],
    "vertex_list": [
        {
            "x": 2.9999999999999996,
            "y": -0.8660254037844393
        },
        {
            "x": 2.999999999999998,
            "y": -2.598076211353316
        },
        {
            "x": 4.499999999999998,
            "y": -3.464101615137756
        },
        {
            "x": 4.499999999999998,
            "y": -1.732050807568879
        }
    ]
}