{
    "triangle_list": [
        [
            0,
            1,
            2
        ],
        [
            2,
            3,
            0
        ]
    ],
    "vertex_list": [
        {
            "x": -0.12857370810210797,
            "y": -2.0137431734893276
        },
        {
            "x": -1.0796302243972609,
            "y": -1.7047261791143802
        },
        {
            "x": -1.2255282581475782,
            "y": -2.153754155693966
        },
        {
            "x": -0.2744717418524245,
            "y": -2.462771150068914
        }
    ]
}