{
    "mesh": {
        "triangle_list": [
            [
                0,
                1,
                2
            ],
            [
                2,
                3,
                0
            ]
        ],
        "vertex_list": [
            {
                "x": -0.9238795325112867,
                "y": -0.3826834323650896
            },
            {
                "x": -0.9238795325112867,
                "y": 0.3826834323650899
            },
            {
                "x": -1.8477590650225735,
                "y": 0.7653668647301798
            },
            {
                "x": -1.8477590650225735,
                "y": -0.7653668647301792
            }
        ]
    }
}