{
    "triangle_list": [
        [
            0,
            1,
            2
        ],
        [
            2,
            3,
            0
        ]
    ],
    "vertex_list": [
        {
            "x": -2.0,
            "y": 8.0
        },
        {
            "x": -2.0000000000000013,
            "y": 9.000000000000002
        },
        {
            "x": -3.0,
            "y": 9.000000000000002
        },
        {
            "x": -3.0000000000000004,
            "y": 8.000000000000004
        }
    ]
}