{
    "triangle_list": [
        [
            0,
            1,
            2
        ],
        [
            2,
            3,
            0
        ]
    ],
    "vertex_list": [
        {
            "x": -7.5,
            "y": 4.286263797015736e-16
        },
        {
            "x": -4.000000000000001,
            "y": -3.5
        },
        {
            "x": -0.5,
            "y": 0.0
        },
        {
            "x": -4.0,
            "y": 3.5
        }
    ]
}