{
    "triangle_list": [
        [
            0,
            1,
            2
        ],
        [
            2,
            3,
            0
        ]
    ],
    "vertex_list": [
        {
            "x": 0.0,
            "y": 2.0000000000000004
        },
        {
            "x": 0.0,
            "y": 1.0000000000000004
        },
        {
            "x": 1.0,
            "y": 1.0
        },
        {
            "x": 0.9999999999999998,
            "y": 2.0
        }
    ]
}