{
    "mesh": {
        "triangle_list": [
            [
                0,
                1,
                2
            ],
            [
                2,
                3,
                0
            ]
        ],
        "vertex_list": [
            {
                "x": -1.57963022439726,
                "y": 3.2435679477020085
            },
            {
                "x": -1.4755282581475744,
                "y": 2.9231750399877807
            },
            {
                "x": -0.5244717418524211,
                "y": 3.2321920343627273
            },
            {
                "x": -0.6285737081021064,
                "y": 3.5525849420769546
            }
        ]
    }
}