{
    "triangle_list": [
        [
            0,
            1,
            2
        ],
        [
            2,
            3,
            0
        ]
    ],
    "vertex_list": [
        {
            "x": 8.999999999999998,
            "y": 8.000000000000004
        },
        {
            "x": 8.0,
            "y": 8.0
        },
        {
            "x": 7.999999999999999,
            "y": 3.9999999999999964
        },
        {
            "x": 9.0,
            "y": 3.9999999999999982
        }
    ]
}