{
    "triangle_list": [
        [
            0,
            1,
            2
        ],
        [
            2,
            3,
            0
        ]
    ],
    "vertex_list": [
        {
            "x": -0.6285737081021079,
            "y": -3.552584942076955
        },
        {
            "x": -0.5244717418524234,
            "y": -3.2321920343627273
        },
        {
            "x": -1.4755282581475773,
            "y": -2.9231750399877794
        },
        {
            "x": -1.5796302243972615,
            "y": -3.2435679477020076
        }
    ]
}