{
    "triangle_list": [
        [
            0,
            1,
            2
        ],
        [
            0,
            2,
            3
        ]
    ],
    "vertex_list": [
        {
            "x": 0.5000000000000004,
            "y": 1.4999999999999998
        },
        {
            "x": 1.2246467991473532e-16,
            "y": 2.0
        },
        {
            "x": -0.4999999999999998,
            "y": 1.5000000000000002
        },
        {
            "x": 6.735557395310443e-16,
            "y": 1.0
        }
    ]
}