{
    "triangle_list": [
        [
            0,
            1,
            2
        ],
        [
            2,
            3,
            0
        ]
    ],
    "vertex_list": [
        {
            "x": 1.9999999999999993,
            "y": 0.9999999999999988
        },
        {
            "x": 1.9999999999999991,
            "y": 0.49999999999999956
        },
        {
            "x": 2.5000000000000004,
            "y": 0.4999999999999988
        },
        {
            "x": 2.4999999999999996,
            "y": 0.9999999999999991
        }
    ]
}