{
    "mesh": {
        "triangle_list": [
            [
                0,
                1,
                2
            ],
            [
                2,
                3,
                0
            ]
        ],
        "vertex_list": [
            {
                "x": -4.999999999999998,
                "y": -1.9999999999999982
            },
            {
                "x": -3.999999999999998,
                "y": -2.9999999999999982
            },
            {
                "x": -2.9999999999999982,
                "y": -1.9999999999999982
            },
            {
                "x": -3.9999999999999996,
                "y": -1.0000000000000009
            }
        ]
    }
}