{
    "triangle_list": [
        [
            0,
            1,
            2
        ],
        [
            2,
            3,
            0
        ]
    ],
    "vertex_list": [
        {
            "x": -0.4999999999999999,
            "y": -0.9999999999999996
        },
        {
            "x": -0.4999999999999998,
            "y": -0.5
        },
        {
            "x": -1.0,
            "y": -0.49999999999999994
        },
        {
            "x": -1.0000000000000002,
            "y": -0.9999999999999992
        }
    ]
}