{
    "triangle_list": [
        [
            0,
            1,
            2
        ],
        [
            2,
            3,
            0
        ]
    ],
    "vertex_list": [
        {
            "x": 0.49999999999999994,
            "y": -1.4999999999999998
        },
        {
            "x": -3.0616169978683826e-16,
            "y": -1.0
        },
        {
            "x": -0.5000000000000002,
            "y": -1.5
        },
        {
            "x": -3.6739403974420594e-16,
            "y": -2.0
        }
    ]
}