{
    "triangle_list": [
        [
            0,
            1,
            2
        ],
        [
            2,
            3,
            0
        ]
    ],
    "vertex_list": [
        {
            "x": 2.500000000000001,
            "y": 0.9999999999999999
        },
        {
            "x": 1.9999999999999998,
            "y": 0.9999999999999996
        },
        {
            "x": 1.9999999999999998,
            "y": 0.4999999999999995
        },
        {
            "x": 2.5,
            "y": 0.4999999999999998
        }
    ]
}