{
    "mesh": {
        "triangle_list": [
            [
                0,
                1,
                2
            ]
        ],
        "vertex_list": [
            {
                "x": 0.0,
                "y": 4.041451884327382
            },
            {
                "x": 1.7500000000000007,
                "y": 3.0310889132455365
            },
            {
                "x": 3.500000000000001,
                "y": 6.06217782649107
            }
        ]
    }
}