{
    "triangle_list": [
        [
            0,
            1,
            2
        ],
        [
            2,
            3,
            0
        ]
    ],
    "vertex_list": [
        {
            "x": 2.000000000000002,
            "y": 9.0
        },
        {
            "x": 2.0000000000000027,
            "y": 8.0
        },
        {
            "x": 3.0000000000000004,
            "y": 8.0
        },
        {
            "x": 3.0000000000000004,
            "y": 9.0
        }
    ]
}