{
    "triangle_list": [
        [
            0,
            1,
            2
        ],
        [
            2,
            3,
            0
        ]
    ],
    "vertex_list": [
        {
            "x": -0.6285737081021066,
            "y": 3.552584942076958
        },
        {
            "x": -0.7744717418524223,
            "y": 4.001612918656541
        },
        {
            "x": -1.725528258147575,
            "y": 3.6925959242815938
        },
        {
            "x": -1.5796302243972598,
            "y": 3.2435679477020103
        }
    ]
}