{
    "mesh": {
        "triangle_list": [
            [
                0,
                1,
                2
            ]
        ],
        "vertex_list": [
            {
                "x": 3.366025403784438,
                "y": 0.36602540378443793
            },
            {
                "x": 3.633974596215561,
                "y": 0.6339745962155614
            },
            {
                "x": 3.4999999999999996,
                "y": 0.8660254037844392
            }
        ]
    }
}