{
    "mesh": {
        "triangle_list": [
            [
                0,
                1,
                2
            ],
            [
                2,
                3,
                0
            ]
        ],
        "vertex_list": [
            {
                "x": 8.000000000000004,
                "y": -3.0
            },
            {
                "x": 8.0,
                "y": -2.0000000000000018
            },
            {
                "x": 4.0,
                "y": -2.000000000000001
            },
            {
                "x": 4.0,
                "y": -3.000000000000003
            }
        ]
    }
}