{
    "triangle_list": [
        [
            0,
            1,
            2
        ],
        [
            2,
            3,
            0
        ]
    ],
    "vertex_list": [
        {
            "x": -1.4755282581475773,
            "y": -2.92317503998778
        },
        {
            "x": -1.7255282581475764,
            "y": -3.692595924281593
        },
        {
            "x": -0.7744717418524223,
            "y": -4.001612918656541
        },
        {
            "x": -0.5244717418524241,
            "y": -3.2321920343627273
        }
    ]
}