{
    "mesh": {
        "triangle_list": [
            [
                0,
                1,
                2
            ],
            [
                2,
                3,
                0
            ]
        ],
        "vertex_list": [
            {
                "x": 2.0,
                "y": -8.000000000000002
            },
            {
                "x": 1.9999999999999993,
                "y": -9.000000000000002
            },
            {
                "x": 2.9999999999999996,
                "y": -9.000000000000002
            },
            {
                "x": 2.9999999999999982,
                "y": -8.000000000000002
            }
        ]
    }
}