{
    "triangle_list": [
        [
            0,
            1,
            2
        ]
    ],
    "vertex_list": [
        {
            "x": -1.3660254037844386,
            "y": -0.6339745962155614
        },
        {
            "x": -1.0000000000000002,
            "y": -1.0
        },
        {
            "x": -1.0000000000000002,
            "y": -0.7320508075688782
        }
    ]
}