{
    "mesh": {
        "triangle_list": [
            [
                0,
                1,
                2
            ],
            [
                2,
                3,
                0
            ]
        ],
        "vertex_list": [
            {
                "x": 2.0000000000000004,
                "y": 0.9999999999999999
            },
            {
                "x": 2.0000000000000004,
                "y": 0.5000000000000008
            },
            {
                "x": 2.5000000000000004,
                "y": 0.49999999999999944
            },
            {
                "x": 2.5,
                "y": 1.000000000000001
            }
        ]
    }
}