{
    "mesh": {
        "triangle_list": [
            [
                0,
                1,
                2
            ],
            [
                2,
                3,
                0
            ]
        ],
        "vertex_list": [
            {
                "x": 10.0,
                "y": 2.0000000000000018
            },
            {
                "x": 10.0,
                "y": 4.0
            },
            {
                "x": 8.000000000000002,
                "y": 4.000000000000002
            },
            {
                "x": 8.0,
                "y": 2.0000000000000018
            }
        ]
    }
}