{
    "triangle_list": [
        [
            0,
            1,
            2
        ],
        [
            2,
            3,
            0
        ]
    ],
    "vertex_list": [
        {
            "x": 8.999999999999998,
            "y": -2.0000000000000044
        },
        {
            "x": 9.0,
            "y": 1.999999999999998
        },
        {
            "x": 7.999999999999999,
            "y": 1.9999999999999984
        },
        {
            "x": 7.999999999999999,
            "y": -2.0000000000000018
        }
    ]
}