{
    "triangle_list": [
        [
            0,
            1,
            2
        ],
        [
            2,
            3,
            0
        ]
    ],
    "vertex_list": [
        {
            "x": -0.9755282581475768,
            "y": -1.3843332714001528
        },
        {
            "x": -1.2255282581475768,
            "y": -2.1537541556939663
        },
        {
            "x": -0.2744717418524236,
            "y": -2.462771150068914
        },
        {
            "x": -0.024471741852423623,
            "y": -1.6933502657751003
        }
    ]
}