{
    "triangle_list": [
        [
            0,
            1,
            2
        ],
        [
            2,
            3,
            0
        ]
    ],
    "vertex_list": [
        {
            "x": 3.0,
            "y": -0.8660254037844389
        },
        {
            "x": 3.0000000000000013,
            "y": -2.5980762113533182
        },
        {
            "x": 4.499999999999998,
            "y": -3.464101615137756
        },
        {
            "x": 4.499999999999998,
            "y": -1.7320508075688772
        }
    ]
}