{
    "mesh": {
        "triangle_list": [
            [
                0,
                1,
                2
            ],
            [
                2,
                3,
                0
            ]
        ],
        "vertex_list": [
            {
                "x": 0.49999999999999983,
                "y": -0.9999999999999984
            },
            {
                "x": 0.9999999999999991,
                "y": -0.9999999999999973
            },
            {
                "x": 0.9999999999999991,
                "y": -0.4999999999999982
            },
            {
                "x": 0.4999999999999993,
                "y": -0.49999999999999994
            }
        ]
    }
}