{
    "triangle_list": [
        [
            0,
            1,
            2
        ],
        [
            2,
            3,
            0
        ]
    ],
    "vertex_list": [
        {
            "x": -0.9999999999999986,
            "y": 2.0000000000000013
        },
        {
            "x": 1.2555724594443313e-15,
            "y": 1.0000000000000009
        },
        {
            "x": 1.0000000000000004,
            "y": 1.9999999999999998
        },
        {
            "x": 1.8369701987210297e-16,
            "y": 3.0
        }
    ]
}