{
    "triangle_list": [
        [
            0,
            1,
            2
        ],
        [
            2,
            3,
            0
        ]
    ],
    "vertex_list": [
        {
            "x": 1.2876668541660792,
            "y": 1.5535787202044289
        },
        {
            "x": 1.8754521064585523,
            "y": 0.7445617258294812
        },
        {
            "x": 2.2574181177086574,
            "y": 1.022076277255257
        },
        {
            "x": 1.6696328654161845,
            "y": 1.8310932716302042
        }
    ]
}