{
    "triangle_list": [
        [
            0,
            1,
            2
        ],
        [
            2,
            3,
            0
        ]
    ],
    "vertex_list": [
        {
            "x": -0.024471741852422957,
            "y": 1.6933502657751005
        },
        {
            "x": -0.2744717418524232,
            "y": 2.462771150068914
        },
        {
            "x": -1.225528258147576,
            "y": 2.1537541556939668
        },
        {
            "x": -0.9755282581475765,
            "y": 1.3843332714001533
        }
    ]
}