{
    "mesh": {
        "triangle_list": [
            [
                0,
                1,
                2
            ],
            [
                2,
                3,
                0
            ]
        ],
        "vertex_list": [
            {
                "x": 2.5,
                "y": -0.9999999999999969
            },
            {
                "x": 2.500000000000001,
                "y": -0.49999999999999983
            },
            {
                "x": 1.9999999999999987,
                "y": -0.4999999999999982
            },
            {
                "x": 1.9999999999999991,
                "y": -0.9999999999999969
            }
        ]
    }
}