{
    "triangle_list": [
        [
            0,
            1,
            2
        ],
        [
            2,
            3,
            0
        ]
    ],
    "vertex_list": [
        {
            "x": -0.6285737081021079,
            "y": -3.552584942076955
        },
        {
            "x": -1.5796302243972615,
            "y": -3.2435679477020076
        },
        {
            "x": -1.7255282581475777,
            "y": -3.692595924281593
        },
        {
            "x": -0.7744717418524236,
            "y": -4.001612918656541
        }
    ]
}