{
    "triangle_list": [
        [
            0,
            1,
            2
        ],
        [
            2,
            3,
            0
        ]
    ],
    "vertex_list": [
        {
            "x": -8.000000000000002,
            "y": -7.999999999999999
        },
        {
            "x": -9.000000000000004,
            "y": -8.0
        },
        {
            "x": -9.000000000000004,
            "y": -9.0
        },
        {
            "x": -8.000000000000005,
            "y": -9.0
        }
    ]
}