{
    "triangle_list": [
        [
            0,
            1,
            2
        ],
        [
            2,
            3,
            0
        ]
    ],
    "vertex_list": [
        {
            "x": -4.000000000000003,
            "y": -10.0
        },
        {
            "x": -3.0000000000000027,
            "y": -10.0
        },
        {
            "x": -3.000000000000002,
            "y": -9.0
        },
        {
            "x": -4.000000000000003,
            "y": -9.0
        }
    ]
}