{
    "triangle_list": [
        [
            0,
            1,
            2
        ],
        [
            2,
            3,
            0
        ]
    ],
    "vertex_list": [
        {
            "x": 0.9999999999999999,
            "y": -2.500000000000001
        },
        {
            "x": 0.9999999999999996,
            "y": -1.9999999999999998
        },
        {
            "x": 0.4999999999999995,
            "y": -1.9999999999999998
        },
        {
            "x": 0.4999999999999998,
            "y": -2.5
        }
    ]
}