{
    "triangle_list": [
        [
            0,
            1,
            2
        ],
        [
            2,
            3,
            0
        ]
    ],
    "vertex_list": [
        {
            "x": 1.6029096205211832,
            "y": -0.54654801910768
        },
        {
            "x": 1.0151243682287108,
            "y": -1.3555650134826271
        },
        {
            "x": 1.6696328654161843,
            "y": -1.8310932716302042
        },
        {
            "x": 2.257418117708657,
            "y": -1.0220762772552572
        }
    ]
}