{
    "triangle_list": [
        [
            0,
            1,
            2
        ],
        [
            2,
            3,
            0
        ]
    ],
    "vertex_list": [
        {
            "x": -2.5000000000000004,
            "y": 1.999999999999998
        },
        {
            "x": -1.999999999999999,
            "y": 1.9999999999999984
        },
        {
            "x": -1.999999999999999,
            "y": 2.4999999999999982
        },
        {
            "x": -2.5,
            "y": 2.4999999999999987
        }
    ]
}