{
    "mesh": {
        "triangle_list": [
            [
                0,
                1,
                2
            ],
            [
                2,
                3,
                0
            ]
        ],
        "vertex_list": [
            {
                "x": 3.1844691008335,
                "y": 1.6956182421246335
            },
            {
                "x": 2.5966838485410277,
                "y": 2.504635236499581
            },
            {
                "x": 2.3241413626036587,
                "y": 2.3066215297777806
            },
            {
                "x": 2.9119266148961316,
                "y": 1.4976045354028333
            }
        ]
    }
}