{
    "triangle_list": [
        [
            0,
            1,
            2
        ],
        [
            2,
            3,
            0
        ]
    ],
    "vertex_list": [
        {
            "x": 4.898587196589413e-16,
            "y": -0.9999999999999996
        },
        {
            "x": -1.0000000000000004,
            "y": -1.9999999999999996
        },
        {
            "x": -5.51091059616309e-16,
            "y": -3.0
        },
        {
            "x": 0.9999999999999999,
            "y": -1.9999999999999998
        }
    ]
}