{
    "mesh": {
        "triangle_list": [
            [
                0,
                1,
                2
            ],
            [
                2,
                3,
                0
            ]
        ],
        "vertex_list": [
            {
                "x": -2.76393202250021,
                "y": 0.5
            },
            {
                "x": -3.23606797749979,
                "y": 0.5
            },
            {
                "x": -3.23606797749979,
                "y": -0.5
            },
            {
                "x": -2.76393202250021,
                "y": -0.5
            }
        ]
    }
}