{
    "mesh": {
        "triangle_list": [
            [
                0,
                1,
                2
            ],
            [
                2,
                3,
                0
            ]
        ],
        "vertex_list": [
            {
                "x": 1.6696328654161845,
                "y": 1.8310932716302044
            },
            {
                "x": 1.0151243682287108,
                "y": 1.3555650134826274
            },
            {
                "x": 1.602909620521184,
                "y": 0.5465480191076801
            },
            {
                "x": 2.2574181177086574,
                "y": 1.0220762772552572
            }
        ]
    }
}