{
    "mesh": {
        "triangle_list": [
            [
                0,
                1,
                2
            ],
            [
                2,
                3,
                0
            ]
        ],
        "vertex_list": [
            {
                "x": 0.9238795325112866,
                "y": -0.38268343236509
            },
            {
                "x": 0.38268343236508956,
                "y": -0.923879532511287
            },
            {
                "x": 0.7653668647301791,
                "y": -1.847759065022574
            },
            {
                "x": 1.8477590650225733,
                "y": -0.76536686473018
            }
        ]
    }
}