{
    "triangle_list": [
        [
            0,
            1,
            2
        ],
        [
            0,
            2,
            3
        ]
    ],
    "vertex_list": [
        {
            "x": -0.4999999999999998,
            "y": -0.4999999999999998
        },
        {
            "x": -2.5,
            "y": -0.4999999999999998
        },
        {
            "x": -2.5000000000000004,
            "y": -2.5
        },
        {
            "x": -0.5,
            "y": -2.5000000000000004
        }
    ]
}