{
    "triangle_list": [
        [
            0,
            1,
            2
        ],
        [
            2,
            3,
            0
        ]
    ],
    "vertex_list": [
        {
            "x": 2.5000000000000004,
            "y": -2.0000000000000004
        },
        {
            "x": 1.9999999999999993,
            "y": -2.000000000000001
        },
        {
            "x": 1.9999999999999991,
            "y": -2.500000000000001
        },
        {
            "x": 2.5000000000000004,
            "y": -2.5000000000000004
        }
    ]
}