{
    "triangle_list": [
        [
            0,
            1,
            2
        ],
        [
            2,
            3,
            0
        ]
    ],
    "vertex_list": [
        {
            "x": -1.5796302243972613,
            "y": -3.243567947702007
        },
        {
            "x": -1.7255282581475764,
            "y": -3.692595924281593
        },
        {
            "x": -0.7744717418524223,
            "y": -4.001612918656541
        },
        {
            "x": -0.6285737081021079,
            "y": -3.5525849420769546
        }
    ]
}