{
    "triangle_list": [
        [
            0,
            1,
            2
        ],
        [
            2,
            3,
            0
        ]
    ],
    "vertex_list": [
        {
            "x": 3.1844691008335,
            "y": -1.6956182421246346
        },
        {
            "x": 2.9119266148961316,
            "y": -1.4976045354028336
        },
        {
            "x": 2.3241413626036582,
            "y": -2.306621529777781
        },
        {
            "x": 2.596683848541027,
            "y": -2.504635236499582
        }
    ]
}