{
    "mesh": {
        "triangle_list": [
            [
                0,
                1,
                2
            ],
            [
                2,
                3,
                0
            ]
        ],
        "vertex_list": [
            {
                "x": 0.9999999999999987,
                "y": -1.999999999999997
            },
            {
                "x": 0.49999999999999994,
                "y": -1.9999999999999967
            },
            {
                "x": 0.5000000000000001,
                "y": -2.500000000000001
            },
            {
                "x": 0.9999999999999987,
                "y": -2.499999999999998
            }
        ]
    }
}