{
    "triangle_list": [
        [
            0,
            1,
            2
        ],
        [
            2,
            3,
            0
        ]
    ],
    "vertex_list": [
        {
            "x": -1.4755282581475764,
            "y": 2.92317503998778
        },
        {
            "x": -0.5244717418524232,
            "y": 3.2321920343627273
        },
        {
            "x": -0.7744717418524223,
            "y": 4.001612918656541
        },
        {
            "x": -1.7255282581475762,
            "y": 3.6925959242815933
        }
    ]
}