{
    "mesh": {
        "triangle_list": [
            [
                0,
                1,
                2
            ]
        ],
        "vertex_list": [
            {
                "x": -3.4999999999999982,
                "y": 6.062177826491071
            },
            {
                "x": -1.7499999999999996,
                "y": 3.0310889132455365
            },
            {
                "x": 4.440892098500626e-16,
                "y": 4.0414518843273814
            }
        ]
    }
}