{
    "triangle_list": [
        [
            0,
            1,
            2
        ],
        [
            2,
            3,
            0
        ]
    ],
    "vertex_list": [
        {
            "x": -0.1285737081021074,
            "y": 2.0137431734893285
        },
        {
            "x": -1.079630224397261,
            "y": 1.7047261791143813
        },
        {
            "x": -0.9755282581475766,
            "y": 1.384333271400153
        },
        {
            "x": -0.02447174185242318,
            "y": 1.6933502657751003
        }
    ]
}