{
    "triangle_list": [
        [
            0,
            1,
            2
        ],
        [
            2,
            3,
            0
        ]
    ],
    "vertex_list": [
        {
            "x": 0.49999999999999983,
            "y": -0.9999999999999969
        },
        {
            "x": 1.0000000000000004,
            "y": -0.9999999999999969
        },
        {
            "x": 1.0000000000000009,
            "y": -0.4999999999999982
        },
        {
            "x": 0.49999999999999994,
            "y": -0.5000000000000002
        }
    ]
}