{
    "triangle_list": [
        [
            0,
            1,
            2
        ],
        [
            2,
            3,
            0
        ]
    ],
    "vertex_list": [
        {
            "x": -0.1285737081021079,
            "y": -2.013743173489328
        },
        {
            "x": -1.0796302243972615,
            "y": -1.7047261791143808
        },
        {
            "x": -1.225528258147577,
            "y": -2.1537541556939663
        },
        {
            "x": -0.2744717418524233,
            "y": -2.462771150068914
        }
    ]
}