{
    "triangle_list": [
        [
            0,
            1,
            2
        ]
    ],
    "vertex_list": [
        {
            "x": 3.500000000000001,
            "y": -2.0207259421636943
        },
        {
            "x": 1.7500000000000004,
            "y": -3.0310889132455383
        },
        {
            "x": 3.500000000000001,
            "y": -6.06217782649107
        }
    ]
}