{
    "mesh": {
        "triangle_list": [
            [
                0,
                1,
                2
            ],
            [
                2,
                3,
                0
            ]
        ],
        "vertex_list": [
            {
                "x": 0.9238795325112868,
                "y": 0.38268343236508945
            },
            {
                "x": 0.9238795325112866,
                "y": -0.38268343236509
            },
            {
                "x": 1.8477590650225733,
                "y": -0.76536686473018
            },
            {
                "x": 1.8477590650225737,
                "y": 0.7653668647301789
            }
        ]
    }
}