{
    "mesh": {
        "triangle_list": [
            [
                0,
                1,
                2
            ],
            [
                2,
                3,
                0
            ]
        ],
        "vertex_list": [
            {
                "x": -3.999999999999999,
                "y": -9.0
            },
            {
                "x": -4.000000000000002,
                "y": -8.0
            },
            {
                "x": -8.000000000000002,
                "y": -8.0
            },
            {
                "x": -8.0,
                "y": -9.000000000000002
            }
        ]
    }
}