{
    "triangle_list": [
        [
            0,
            1,
            2
        ],
        [
            2,
            3,
            0
        ]
    ],
    "vertex_list": [
        {
            "x": 1.8754521064585523,
            "y": -0.7445617258294811
        },
        {
            "x": 1.2876668541660792,
            "y": -1.5535787202044284
        },
        {
            "x": 1.669632865416184,
            "y": -1.8310932716302044
        },
        {
            "x": 2.2574181177086574,
            "y": -1.0220762772552572
        }
    ]
}