{
    "triangle_list": [
        [
            0,
            1,
            2
        ],
        [
            2,
            3,
            0
        ]
    ],
    "vertex_list": [
        {
            "x": 1.602909620521184,
            "y": -0.5465480191076797
        },
        {
            "x": 1.0151243682287105,
            "y": -1.3555650134826274
        },
        {
            "x": 1.669632865416184,
            "y": -1.8310932716302044
        },
        {
            "x": 2.2574181177086574,
            "y": -1.022076277255257
        }
    ]
}