{
    "mesh": {
        "triangle_list": [
            [
                0,
                1,
                2
            ],
            [
                2,
                3,
                0
            ]
        ],
        "vertex_list": [
            {
                "x": -0.12857370810210716,
                "y": 2.013743173489329
            },
            {
                "x": -1.079630224397261,
                "y": 1.7047261791143815
            },
            {
                "x": -0.9755282581475766,
                "y": 1.3843332714001528
            },
            {
                "x": -0.024471741852422735,
                "y": 1.6933502657751005
            }
        ]
    }
}