{
    "mesh": {
        "triangle_list": [
            [
                0,
                1,
                2
            ],
            [
                2,
                3,
                0
            ]
        ],
        "vertex_list": [
            {
                "x": 3.5355339059327378,
                "y": 0.7071067811865477
            },
            {
                "x": 2.8284271247461903,
                "y": 0.0
            },
            {
                "x": 3.5355339059327378,
                "y": -0.7071067811865479
            },
            {
                "x": 4.242640687119286,
                "y": 0.0
            }
        ]
    }
}