{
    "mesh": {
        "triangle_list": [
            [
                0,
                1,
                2
            ],
            [
                2,
                3,
                0
            ]
        ],
        "vertex_list": [
            {
                "x": -0.7653668647301799,
                "y": -1.8477590650225735
            },
            {
                "x": -1.8477590650225735,
                "y": -0.7653668647301792
            },
            {
                "x": -2.771638597533861,
                "y": -1.1480502970952688
            },
            {
                "x": -1.14805029709527,
                "y": -2.77163859753386
            }
        ]
    }
}