{
    "mesh": {
        "triangle_list": [
            [
                0,
                1,
                2
            ],
            [
                2,
                3,
                0
            ]
        ],
        "vertex_list": [
            {
                "x": 1.2876668541660785,
                "y": -1.5535787202044287
            },
            {
                "x": 1.8754521064585519,
                "y": -0.7445617258294814
            },
            {
                "x": 1.6029096205211835,
                "y": -0.5465480191076801
            },
            {
                "x": 1.0151243682287103,
                "y": -1.3555650134826276
            }
        ]
    }
}