{
    "triangle_list": [
        [
            0,
            1,
            2
        ],
        [
            2,
            3,
            0
        ]
    ],
    "vertex_list": [
        {
            "x": 0.5000000000000004,
            "y": 2.5000000000000004
        },
        {
            "x": 0.5000000000000003,
            "y": 1.999999999999999
        },
        {
            "x": 0.9999999999999998,
            "y": 1.9999999999999987
        },
        {
            "x": 1.0,
            "y": 2.5
        }
    ]
}