{
    "mesh": {
        "triangle_list": [
            [
                0,
                1,
                2
            ],
            [
                2,
                3,
                0
            ],
            [
                1,
                4,
                2
            ],
            [
                5,
                6,
                3
            ],
            [
                3,
                2,
                5
            ],
            [
                6,
                7,
                8
            ],
            [
                8,
                3,
                6
            ],
            [
                7,
                9,
                8
            ],
            [
                0,
                10,
                1
            ],
            [
                6,
                11,
                7
            ],
            [
                5,
                12,
                6
            ],
            [
                10,
                13,
                1
            ],
            [
                11,
                14,
                7
            ],
            [
                15,
                16,
                17
            ],
            [
                17,
                12,
                15
            ],
            [
                18,
                19,
                16
            ],
            [
                16,
                15,
                18
            ],
            [
                19,
                20,
                16
            ],
            [
                12,
                21,
                22
            ],
            [
                22,
                15,
                12
            ],
            [
                12,
                23,
                21
            ],
            [
                18,
                24,
                19
            ],
            [
                21,
                25,
                22
            ],
            [
                17,
                6,
                12
            ],
            [
                24,
                26,
                19
            ],
            [
                21,
                27,
                25
            ]
        ],
        "vertex_list": [
            {
                "x": 2.500000000000001,
                "y": -0.49999999999999983
            },
            {
                "x": 3.0000000000000004,
                "y": 1.9999999999999991
            },
            {
                "x": 2.500000000000001,
                "y": 0.499999999999999
            },
            {
                "x": 0.49999999999999994,
                "y": -0.5000000000000002
            },
            {
                "x": 2.500000000000001,
                "y": 1.9999999999999996
            },
            {
                "x": 0.5,
                "y": 0.49999999999999967
            },
            {
                "x": -0.5,
                "y": -2.5000000000000004
            },
            {
                "x": 1.9999999999999991,
                "y": -3.000000000000001
            },
            {
                "x": 0.5000000000000001,
                "y": -2.500000000000001
            },
            {
                "x": 1.9999999999999991,
                "y": -2.500000000000001
            },
            {
                "x": 2.5000000000000004,
                "y": -2.0000000000000004
            },
            {
                "x": -2.000000000000001,
                "y": -2.5
            },
            {
                "x": 0.5000000000000004,
                "y": 2.5000000000000004
            },
            {
                "x": 3.0,
                "y": -2.0
            },
            {
                "x": -2.0000000000000004,
                "y": -3.0
            },
            {
                "x": -0.4999999999999997,
                "y": 0.4999999999999994
            },
            {
                "x": -2.5,
                "y": -0.4999999999999998
            },
            {
                "x": -0.4999999999999998,
                "y": -0.4999999999999998
            },
            {
                "x": -2.5,
                "y": 0.49999999999999967
            },
            {
                "x": -3.000000000000001,
                "y": -1.9999999999999987
            },
            {
                "x": -2.5000000000000004,
                "y": -1.999999999999999
            },
            {
                "x": 1.9999999999999998,
                "y": 3.0000000000000004
            },
            {
                "x": -0.4999999999999996,
                "y": 2.5
            },
            {
                "x": 1.9999999999999996,
                "y": 2.5
            },
            {
                "x": -2.5,
                "y": 1.999999999999999
            },
            {
                "x": -2.0000000000000004,
                "y": 2.5
            },
            {
                "x": -3.0000000000000004,
                "y": 1.9999999999999987
            },
            {
                "x": -1.9999999999999998,
                "y": 3.0000000000000004
            }
        ]
    }
}