{
    "mesh": {
        "triangle_list": [
            [
                0,
                1,
                2
            ],
            [
                2,
                3,
                0
            ]
        ],
        "vertex_list": [
            {
                "x": -1.0796302243972615,
                "y": -1.7047261791143815
            },
            {
                "x": -0.12857370810210766,
                "y": -2.013743173489329
            },
            {
                "x": -0.024471741852422957,
                "y": -1.6933502657751007
            },
            {
                "x": -0.9755282581475768,
                "y": -1.3843332714001535
            }
        ]
    }
}