{
    "triangle_list": [
        [
            0,
            1,
            2
        ],
        [
            2,
            3,
            0
        ]
    ],
    "vertex_list": [
        {
            "x": -10.0,
            "y": -3.000000000000001
        },
        {
            "x": -9.0,
            "y": -2.999999999999998
        },
        {
            "x": -8.999999999999998,
            "y": -2.000000000000002
        },
        {
            "x": -10.0,
            "y": -1.9999999999999973
        }
    ]
}