{
    "triangle_list": [
        [
            0,
            1,
            2
        ],
        [
            2,
            3,
            0
        ]
    ],
    "vertex_list": [
        {
            "x": 1.9999999999999991,
            "y": -8.000000000000002
        },
        {
            "x": 2.0000000000000044,
            "y": -9.0
        },
        {
            "x": 2.9999999999999987,
            "y": -9.000000000000002
        },
        {
            "x": 3.0000000000000027,
            "y": -8.0
        }
    ]
}