{
    "triangle_list": [
        [
            0,
            1,
            2
        ],
        [
            2,
            3,
            0
        ]
    ],
    "vertex_list": [
        {
            "x": 3.500000000000001,
            "y": -2.0207259421636943
        },
        {
            "x": 3.500000000000001,
            "y": 0.0
        },
        {
            "x": 0.0,
            "y": 2.8575091980104907e-16
        },
        {
            "x": 1.7500000000000004,
            "y": -3.0310889132455383
        }
    ]
}