{
    "triangle_list": [
        [
            0,
            1,
            2
        ],
        [
            2,
            3,
            0
        ]
    ],
    "vertex_list": [
        {
            "x": -1.5000000000000002,
            "y": -0.4999999999999998
        },
        {
            "x": -1.0,
            "y": 6.775761922273136e-16
        },
        {
            "x": -1.4999999999999996,
            "y": 0.5000000000000007
        },
        {
            "x": -2.0,
            "y": 2.4492935982947064e-16
        }
    ]
}