{
    "triangle_list": [
        [
            0,
            1,
            2
        ],
        [
            2,
            3,
            0
        ]
    ],
    "vertex_list": [
        {
            "x": 1.8754521064585523,
            "y": 0.7445617258294812
        },
        {
            "x": 1.2876668541660792,
            "y": 1.5535787202044289
        },
        {
            "x": 1.0151243682287105,
            "y": 1.3555650134826276
        },
        {
            "x": 1.602909620521184,
            "y": 0.5465480191076801
        }
    ]
}