{
    "triangle_list": [
        [
            0,
            1,
            2
        ],
        [
            2,
            3,
            0
        ]
    ],
    "vertex_list": [
        {
            "x": 1.2876668541660794,
            "y": 1.5535787202044282
        },
        {
            "x": 1.8754521064585523,
            "y": 0.744561725829481
        },
        {
            "x": 2.2574181177086583,
            "y": 1.022076277255256
        },
        {
            "x": 1.669632865416185,
            "y": 1.8310932716302037
        }
    ]
}