{
    "mesh": {
        "triangle_list": [
            [
                0,
                1,
                2
            ]
        ],
        "vertex_list": [
            {
                "x": 3.2679491924311233,
                "y": 0.0
            },
            {
                "x": 4.0,
                "y": 0.0
            },
            {
                "x": 3.366025403784439,
                "y": 0.36602540378444015
            }
        ]
    }
}