{
    "triangle_list": [
        [
            0,
            1,
            2
        ],
        [
            2,
            3,
            0
        ]
    ],
    "vertex_list": [
        {
            "x": -2.0000000000000027,
            "y": -8.0
        },
        {
            "x": -4.000000000000002,
            "y": -8.0
        },
        {
            "x": -4.000000000000003,
            "y": -10.0
        },
        {
            "x": -2.0000000000000036,
            "y": -10.0
        }
    ]
}