{
    "triangle_list": [
        [
            0,
            1,
            2
        ],
        [
            2,
            3,
            0
        ]
    ],
    "vertex_list": [
        {
            "x": 1.8754521064585523,
            "y": 0.7445617258294804
        },
        {
            "x": 1.2876668541660794,
            "y": 1.553578720204428
        },
        {
            "x": 1.015124368228711,
            "y": 1.3555650134826271
        },
        {
            "x": 1.6029096205211841,
            "y": 0.5465480191076798
        }
    ]
}