{
    "mesh": {
        "triangle_list": [
            [
                0,
                1,
                2
            ],
            [
                2,
                3,
                0
            ]
        ],
        "vertex_list": [
            {
                "x": 4.440892098500629e-16,
                "y": 2.000000000000001
            },
            {
                "x": 2.2204460492503146e-16,
                "y": 1.0000000000000004
            },
            {
                "x": 1.0,
                "y": 1.0
            },
            {
                "x": 1.0,
                "y": 2.000000000000001
            }
        ]
    }
}