{
    "triangle_list": [
        [
            0,
            1,
            2
        ],
        [
            2,
            3,
            0
        ]
    ],
    "vertex_list": [
        {
            "x": 3.4999999999999996,
            "y": 3.4999999999999996
        },
        {
            "x": 4.0,
            "y": 3.5
        },
        {
            "x": 4.0,
            "y": 4.0
        },
        {
            "x": 3.4999999999999996,
            "y": 4.0
        }
    ]
}