{
    "triangle_list": [
        [
            0,
            1,
            2
        ],
        [
            2,
            3,
            0
        ]
    ],
    "vertex_list": [
        {
            "x": -2.9999999999999987,
            "y": 0.8660254037844393
        },
        {
            "x": -2.999999999999999,
            "y": 2.5980762113533156
        },
        {
            "x": -4.499999999999999,
            "y": 3.464101615137755
        },
        {
            "x": -4.5,
            "y": 1.7320508075688794
        }
    ]
}