{
    "mesh": {
        "triangle_list": [
            [
                0,
                1,
                2
            ],
            [
                2,
                3,
                0
            ]
        ],
        "vertex_list": [
            {
                "x": 1.999999999999999,
                "y": 0.9999999999999994
            },
            {
                "x": 1.9999999999999987,
                "y": 0.5000000000000008
            },
            {
                "x": 2.500000000000001,
                "y": 0.499999999999999
            },
            {
                "x": 2.5,
                "y": 0.9999999999999994
            }
        ]
    }
}