{
    "triangle_list": [
        [
            0,
            1,
            2
        ],
        [
            2,
            3,
            0
        ]
    ],
    "vertex_list": [
        {
            "x": 3.1844691008334993,
            "y": 1.695618242124633
        },
        {
            "x": 3.5664351120836058,
            "y": 1.9731327935504093
        },
        {
            "x": 2.9786498597911324,
            "y": 2.782149787925357
        },
        {
            "x": 2.596683848541027,
            "y": 2.5046352364995803
        }
    ]
}