{
    "triangle_list": [
        [
            0,
            1,
            2
        ],
        [
            2,
            3,
            0
        ]
    ],
    "vertex_list": [
        {
            "x": -0.9999999999999991,
            "y": -2.5000000000000004
        },
        {
            "x": -0.5000000000000002,
            "y": -2.5000000000000004
        },
        {
            "x": -0.5000000000000001,
            "y": -1.9999999999999996
        },
        {
            "x": -0.9999999999999987,
            "y": -1.9999999999999996
        }
    ]
}