{
    "triangle_list": [
        [
            0,
            1,
            2
        ],
        [
            2,
            3,
            0
        ]
    ],
    "vertex_list": [
        {
            "x": 0.9999999999999998,
            "y": 0.9999999999999991
        },
        {
            "x": 0.49999999999999956,
            "y": 0.9999999999999994
        },
        {
            "x": 0.4999999999999998,
            "y": 0.4999999999999992
        },
        {
            "x": 0.9999999999999998,
            "y": 0.4999999999999998
        }
    ]
}