{
    "triangle_list": [
        [
            0,
            1,
            2
        ],
        [
            2,
            3,
            0
        ]
    ],
    "vertex_list": [
        {
            "x": -0.12857370810210755,
            "y": 2.013743173489328
        },
        {
            "x": -1.079630224397261,
            "y": 1.7047261791143808
        },
        {
            "x": -0.9755282581475767,
            "y": 1.384333271400153
        },
        {
            "x": -0.024471741852423068,
            "y": 1.6933502657751003
        }
    ]
}