{
    "mesh": {
        "triangle_list": [
            [
                0,
                1,
                2
            ],
            [
                2,
                3,
                0
            ]
        ],
        "vertex_list": [
            {
                "x": -8.999999999999998,
                "y": -2.9999999999999996
            },
            {
                "x": -10.000000000000002,
                "y": -2.9999999999999996
            },
            {
                "x": -10.000000000000002,
                "y": -3.999999999999999
            },
            {
                "x": -9.0,
                "y": -4.0
            }
        ]
    }
}