{
    "mesh": {
        "triangle_list": [
            [
                0,
                1,
                2
            ]
        ],
        "vertex_list": [
            {
                "x": -0.3660254037844385,
                "y": -1.6339745962155618
            },
            {
                "x": -3.945220944567628e-16,
                "y": -1.7320508075688779
            },
            {
                "x": -4.440892098500626e-16,
                "y": -0.9999999999999998
            }
        ]
    }
}