{
    "triangle_list": [
        [
            0,
            1,
            2
        ],
        [
            2,
            3,
            0
        ]
    ],
    "vertex_list": [
        {
            "x": -0.12857370810210772,
            "y": 2.0137431734893285
        },
        {
            "x": -1.0796302243972613,
            "y": 1.7047261791143808
        },
        {
            "x": -0.9755282581475768,
            "y": 1.384333271400153
        },
        {
            "x": -0.0244717418524234,
            "y": 1.6933502657751003
        }
    ]
}