{
    "mesh": {
        "triangle_list": [
            [
                0,
                1,
                2
            ],
            [
                2,
                3,
                0
            ]
        ],
        "vertex_list": [
            {
                "x": -2.0,
                "y": 3.0000000000000018
            },
            {
                "x": 1.0,
                "y": 3.0000000000000013
            },
            {
                "x": 1.0,
                "y": 4.0
            },
            {
                "x": -2.0,
                "y": 4.0
            }
        ]
    }
}