{
    "mesh": {
        "triangle_list": [
            [
                0,
                1,
                2
            ],
            [
                2,
                3,
                0
            ]
        ],
        "vertex_list": [
            {
                "x": 3.1844691008335,
                "y": 1.6956182421246335
            },
            {
                "x": 3.566435112083605,
                "y": 1.97313279355041
            },
            {
                "x": 2.978649859791132,
                "y": 2.7821497879253574
            },
            {
                "x": 2.5966838485410277,
                "y": 2.504635236499581
            }
        ]
    }
}