{
    "triangle_list": [
        [
            0,
            1,
            2
        ],
        [
            2,
            3,
            0
        ]
    ],
    "vertex_list": [
        {
            "x": -2.0000000000000018,
            "y": -8.000000000000002
        },
        {
            "x": -4.000000000000002,
            "y": -8.000000000000002
        },
        {
            "x": -4.000000000000002,
            "y": -10.000000000000002
        },
        {
            "x": -2.0000000000000027,
            "y": -10.000000000000002
        }
    ]
}