{
    "mesh": {
        "triangle_list": [
            [
                0,
                1,
                2
            ]
        ],
        "vertex_list": [
            {
                "x": 3.5,
                "y": 0.8660254037844388
            },
            {
                "x": 3.366025403784439,
                "y": 0.36602540378444015
            },
            {
                "x": 3.6339745962155607,
                "y": 0.6339745962155624
            }
        ]
    }
}