{
    "mesh": {
        "triangle_list": [
            [
                0,
                1,
                2
            ],
            [
                2,
                3,
                0
            ]
        ],
        "vertex_list": [
            {
                "x": 9.0,
                "y": 3.9999999999999996
            },
            {
                "x": 9.0,
                "y": 8.0
            },
            {
                "x": 8.0,
                "y": 8.0
            },
            {
                "x": 8.0,
                "y": 4.000000000000002
            }
        ]
    }
}