{
    "mesh": {
        "triangle_list": [
            [
                0,
                1,
                2
            ],
            [
                2,
                3,
                0
            ]
        ],
        "vertex_list": [
            {
                "x": 2.0000000000000027,
                "y": -8.999999999999998
            },
            {
                "x": 2.0,
                "y": -8.000000000000002
            },
            {
                "x": -2.0000000000000018,
                "y": -8.000000000000002
            },
            {
                "x": -2.000000000000002,
                "y": -9.0
            }
        ]
    }
}