{
    "triangle_list": [
        [
            0,
            1,
            2
        ],
        [
            2,
            3,
            0
        ]
    ],
    "vertex_list": [
        {
            "x": -0.4999999999999996,
            "y": 0.9999999999999997
        },
        {
            "x": -0.9999999999999999,
            "y": 0.9999999999999996
        },
        {
            "x": -0.9999999999999999,
            "y": 0.5000000000000002
        },
        {
            "x": -0.4999999999999996,
            "y": 0.5000000000000001
        }
    ]
}