{
    "triangle_list": [
        [
            0,
            1,
            2
        ],
        [
            2,
            3,
            0
        ]
    ],
    "vertex_list": [
        {
            "x": -0.2744717418524232,
            "y": -2.4627711500689142
        },
        {
            "x": -0.0244717418524234,
            "y": -1.6933502657751005
        },
        {
            "x": -0.975528258147576,
            "y": -1.384333271400153
        },
        {
            "x": -1.225528258147576,
            "y": -2.1537541556939668
        }
    ]
}