{
    "mesh": {
        "triangle_list": [
            [
                0,
                1,
                2
            ],
            [
                2,
                3,
                0
            ]
        ],
        "vertex_list": [
            {
                "x": -2.5,
                "y": 0.9999999999999986
            },
            {
                "x": -2.5,
                "y": 0.49999999999999967
            },
            {
                "x": -1.9999999999999987,
                "y": 0.49999999999999967
            },
            {
                "x": -1.999999999999999,
                "y": 0.9999999999999986
            }
        ]
    }
}