{
    "triangle_list": [
        [
            0,
            1,
            2
        ],
        [
            2,
            3,
            0
        ]
    ],
    "vertex_list": [
        {
            "x": 3.5000000000000036,
            "y": 2.020725942163688
        },
        {
            "x": 1.7500000000000007,
            "y": 3.0310889132455365
        },
        {
            "x": 0.0,
            "y": 2.8575091980104907e-16
        },
        {
            "x": 3.500000000000001,
            "y": 0.0
        }
    ]
}