{
    "mesh": {
        "triangle_list": [
            [
                0,
                1,
                2
            ],
            [
                2,
                3,
                0
            ]
        ],
        "vertex_list": [
            {
                "x": -3.0000000000000018,
                "y": -0.8660254037844382
            },
            {
                "x": -4.500000000000001,
                "y": -1.7320508075688754
            },
            {
                "x": -4.500000000000002,
                "y": -3.464101615137754
            },
            {
                "x": -3.0000000000000018,
                "y": -2.598076211353316
            }
        ]
    }
}