{
    "triangle_list": [
        [
            0,
            1,
            2
        ],
        [
            2,
            3,
            0
        ]
    ],
    "vertex_list": [
        {
            "x": -1.4755282581475773,
            "y": -2.9231750399877794
        },
        {
            "x": -1.7255282581475773,
            "y": -3.6925959242815933
        },
        {
            "x": -0.7744717418524241,
            "y": -4.001612918656541
        },
        {
            "x": -0.5244717418524238,
            "y": -3.2321920343627273
        }
    ]
}