{
    "triangle_list": [
        [
            0,
            1,
            2
        ],
        [
            2,
            3,
            0
        ]
    ],
    "vertex_list": [
        {
            "x": 2.5966838485410255,
            "y": -2.5046352364995825
        },
        {
            "x": 2.978649859791132,
            "y": -2.782149787925357
        },
        {
            "x": 3.5664351120836058,
            "y": -1.973132793550409
        },
        {
            "x": 3.1844691008334993,
            "y": -1.695618242124635
        }
    ]
}