{
    "triangle_list": [
        [
            0,
            1,
            2
        ],
        [
            2,
            3,
            0
        ]
    ],
    "vertex_list": [
        {
            "x": -4.000000000000003,
            "y": -1.999999999999999
        },
        {
            "x": -4.500000000000001,
            "y": -2.5
        },
        {
            "x": -4.000000000000001,
            "y": -3.0
        },
        {
            "x": -3.5000000000000004,
            "y": -2.5
        }
    ]
}