{
    "triangle_list": [
        [
            0,
            1,
            2
        ],
        [
            2,
            3,
            0
        ]
    ],
    "vertex_list": [
        {
            "x": 3.566435112083605,
            "y": 1.97313279355041
        },
        {
            "x": 2.9786498597911315,
            "y": 2.782149787925358
        },
        {
            "x": 2.596683848541026,
            "y": 2.504635236499582
        },
        {
            "x": 3.1844691008334993,
            "y": 1.6956182421246344
        }
    ]
}