{
    "mesh": {
        "triangle_list": [
            [
                0,
                1,
                2
            ],
            [
                2,
                3,
                0
            ]
        ],
        "vertex_list": [
            {
                "x": -2.771638597533861,
                "y": -1.1480502970952688
            },
            {
                "x": -2.77163859753386,
                "y": 1.1480502970952697
            },
            {
                "x": -3.695518130045147,
                "y": 1.5307337294603596
            },
            {
                "x": -3.695518130045147,
                "y": -1.5307337294603585
            }
        ]
    }
}