{
    "mesh": {
        "triangle_list": [
            [
                0,
                1,
                2
            ]
        ],
        "vertex_list": [
            {
                "x": 7.0,
                "y": 0.0
            },
            {
                "x": 3.500000000000001,
                "y": 6.06217782649107
            },
            {
                "x": 3.5000000000000036,
                "y": 2.020725942163688
            }
        ]
    }
}