{
    "mesh": {
        "triangle_list": [
            [
                0,
                1,
                2
            ],
            [
                2,
                3,
                0
            ]
        ],
        "vertex_list": [
            {
                "x": -0.12857370810210766,
                "y": -2.013743173489329
            },
            {
                "x": -1.0796302243972615,
                "y": -1.7047261791143815
            },
            {
                "x": -1.2255282581475768,
                "y": -2.1537541556939663
            },
            {
                "x": -0.2744717418524233,
                "y": -2.462771150068914
            }
        ]
    }
}