{
    "triangle_list": [
        [
            0,
            1,
            2
        ],
        [
            2,
            3,
            0
        ]
    ],
    "vertex_list": [
        {
            "x": 4.5769509808878667e-17,
            "y": -0.9999999999999998
        },
        {
            "x": -0.5000000000000004,
            "y": -1.4999999999999998
        },
        {
            "x": -3.6739403974420594e-16,
            "y": -2.0
        },
        {
            "x": 0.49999999999999983,
            "y": -1.5
        }
    ]
}