{
    "triangle_list": [
        [
            0,
            1,
            2
        ],
        [
            2,
            3,
            0
        ]
    ],
    "vertex_list": [
        {
            "x": -4.499999999999999,
            "y": 2.4999999999999987
        },
        {
            "x": -3.999999999999999,
            "y": 2.0000000000000004
        },
        {
            "x": -3.499999999999999,
            "y": 2.4999999999999987
        },
        {
            "x": -3.9999999999999987,
            "y": 2.9999999999999982
        }
    ]
}