{
    "mesh": {
        "triangle_list": [
            [
                0,
                1,
                2
            ],
            [
                2,
                3,
                0
            ]
        ],
        "vertex_list": [
            {
                "x": -1.0796302243972618,
                "y": -1.7047261791143808
            },
            {
                "x": -0.12857370810210816,
                "y": -2.013743173489328
            },
            {
                "x": -0.024471741852423408,
                "y": -1.6933502657750996
            },
            {
                "x": -0.9755282581475768,
                "y": -1.3843332714001528
            }
        ]
    }
}