{
    "triangle_list": [
        [
            0,
            1,
            2
        ],
        [
            2,
            3,
            0
        ]
    ],
    "vertex_list": [
        {
            "x": 3.0,
            "y": 0.8660254037844388
        },
        {
            "x": 4.5,
            "y": 1.7320508075688756
        },
        {
            "x": 4.5,
            "y": 3.4641016151377544
        },
        {
            "x": 3.0000000000000018,
            "y": 2.5980762113533173
        }
    ]
}