{
    "mesh": {
        "triangle_list": [
            [
                0,
                1,
                2
            ]
        ],
        "vertex_list": [
            {
                "x": -1.0,
                "y": 0.0
            },
            {
                "x": -1.732050807568878,
                "y": 2.1211504774498148e-16
            },
            {
                "x": -1.633974596215562,
                "y": -0.3660254037844377
            }
        ]
    }
}