{
    "triangle_list": [
        [
            0,
            1,
            2
        ],
        [
            2,
            3,
            0
        ]
    ],
    "vertex_list": [
        {
            "x": -6.5,
            "y": 0.5
        },
        {
            "x": -6.999999999999999,
            "y": -4.440892098500626e-16
        },
        {
            "x": -6.5,
            "y": -0.5000000000000009
        },
        {
            "x": -6.000000000000002,
            "y": -8.881784197001252e-16
        }
    ]
}