{
    "mesh": {
        "triangle_list": [
            [
                0,
                1,
                2
            ],
            [
                2,
                3,
                0
            ]
        ],
        "vertex_list": [
            {
                "x": 8.881784197001252e-16,
                "y": 2.8575091980104897e-16
            },
            {
                "x": 1.7499999999999996,
                "y": 3.0310889132455365
            },
            {
                "x": 4.440892098500626e-16,
                "y": 4.0414518843273814
            },
            {
                "x": -1.7499999999999996,
                "y": 3.0310889132455365
            }
        ]
    }
}