{
    "mesh": {
        "triangle_list": [
            [
                0,
                1,
                2
            ]
        ],
        "vertex_list": [
            {
                "x": 0.9238795325112868,
                "y": 0.38268343236508945
            },
            {
                "x": 0.38268343236508984,
                "y": 0.9238795325112867
            },
            {
                "x": 0.0,
                "y": 0.0
            }
        ]
    }
}