{
    "mesh": {
        "triangle_list": [
            [
                0,
                1,
                2
            ],
            [
                2,
                3,
                0
            ]
        ],
        "vertex_list": [
            {
                "x": 8.881784197001252e-16,
                "y": 0.0
            },
            {
                "x": -1.0000000000000002,
                "y": 0.0
            },
            {
                "x": -1.0,
                "y": -1.0
            },
            {
                "x": 4.440892098500626e-16,
                "y": -1.0
            }
        ]
    }
}