{
    "mesh": {
        "triangle_list": [
            [
                0,
                1,
                2
            ],
            [
                2,
                3,
                0
            ]
        ],
        "vertex_list": [
            {
                "x": 2.911926614896131,
                "y": -1.4976045354028333
            },
            {
                "x": 2.3241413626036582,
                "y": -2.3066215297777806
            },
            {
                "x": 2.9786498597911315,
                "y": -2.782149787925358
            },
            {
                "x": 3.566435112083605,
                "y": -1.9731327935504104
            }
        ]
    }
}