{
    "mesh_list": [
        {
            "file": "Puzzle2_CaptureMesh0.json",
            "permutation_list": [],
            "symmetry_list": [
                {
                    "linear_transform": {
                        "x_axis": {
                            "x": 1.9915985002059197e-16,
                            "y": -1.0000000000000002
                        },
                        "y_axis": {
                            "x": 1.0000000000000002,
                            "y": -2.2884754904439333e-17
                        }
                    },
                    "translation": {
                        "x": 4.4408920985006247e-16,
                        "y": -6.66133814775094e-16
                    }
                },
                {
                    "linear_transform": {
                        "x_axis": {
                            "x": 1.9915985002059197e-16,
                            "y": 1.0000000000000002
                        },
                        "y_axis": {
                            "x": -1.0000000000000002,
                            "y": -2.2884754904439333e-17
                        }
                    },
                    "translation": {
                        "x": 4.4408920985006257e-16,
                        "y": 6.661338147750939e-16
                    }
                },
                {
                    "linear_transform": {
                        "x_axis": {
                            "x": 1.0,
                            "y": -2.449293598294706e-16
                        },
                        "y_axis": {
                            "x": -2.449293598294706e-16,
                            "y": -1.0
                        }
                    },
                    "translation": {
                        "x": 0.0,
                        "y": -4.499279347985572e-32
                    }
                },
                {
                    "linear_transform": {
                        "x_axis": {
                            "x": 4.440892098500626e-16,
                            "y": 1.0000000000000002
                        },
                        "y_axis": {
                            "x": 1.0000000000000002,
                            "y": -2.220446049250313e-16
                        }
                    },
                    "translation": {
                        "x": 4.440892098500626e-16,
                        "y": 6.661338147750939e-16
                    }
                },
                {
                    "linear_transform": {
                        "x_axis": {
                            "x": -1.0,
                            "y": 1.224646799147353e-16
                        },
                        "y_axis": {
                            "x": 1.224646799147353e-16,
                            "y": 1.0
                        }
                    },
                    "translation": {
                        "x": -2.249639673992786e-32,
                        "y": 0.0
                    }
                },
                {
                    "linear_transform": {
                        "x_axis": {
                            "x": -2.220446049250313e-16,
                            "y": -1.0
                        },
                        "y_axis": {
                            "x": -1.0,
                            "y": 2.220446049250313e-16
                        }
                    },
                    "translation": {
                        "x": 0.0,
                        "y": 0.0
                    }
                }
            ],
            "type": "capture_mesh"
        },
        {
            "file": "Puzzle2_CaptureMesh1.json",
            "permutation_list": [],
            "symmetry_list": [
                {
                    "linear_transform": {
                        "x_axis": {
                            "x": -4.758098676964955e-16,
                            "y": -0.9999999999999998
                        },
                        "y_axis": {
                            "x": 0.9999999999999998,
                            "y": -3.172065784643298e-17
                        }
                    },
                    "translation": {
                        "x": -4.000000000000001,
                        "y": -4.0
                    }
                },
                {
                    "linear_transform": {
                        "x_axis": {
                            "x": -4.758098676964955e-16,
                            "y": 0.9999999999999998
                        },
                        "y_axis": {
                            "x": -0.9999999999999998,
                            "y": -3.172065784643298e-17
                        }
                    },
                    "translation": {
                        "x": -4.000000000000001,
                        "y": 4.0
                    }
                },
                {
                    "linear_transform": {
                        "x_axis": {
                            "x": 1.0,
                            "y": -2.5376526277146434e-16
                        },
                        "y_axis": {
                            "x": -2.5376526277146434e-16,
                            "y": -1.0
                        }
                    },
                    "translation": {
                        "x": 0.0,
                        "y": -1.0150610510858574e-15
                    }
                },
                {
                    "linear_transform": {
                        "x_axis": {
                            "x": -2.220446049250313e-16,
                            "y": 0.9999999999999998
                        },
                        "y_axis": {
                            "x": 0.9999999999999998,
                            "y": -2.220446049250313e-16
                        }
                    },
                    "translation": {
                        "x": -4.0,
                        "y": 4.0
                    }
                },
                {
                    "linear_transform": {
                        "x_axis": {
                            "x": -1.0,
                            "y": 1.2246467991473532e-16
                        },
                        "y_axis": {
                            "x": 1.2246467991473532e-16,
                            "y": 1.0
                        }
                    },
                    "translation": {
                        "x": -8.0,
                        "y": 4.898587196589413e-16
                    }
                },
                {
                    "linear_transform": {
                        "x_axis": {
                            "x": -4.440892098500626e-16,
                            "y": -0.9999999999999998
                        },
                        "y_axis": {
                            "x": -0.9999999999999998,
                            "y": 2.220446049250313e-16
                        }
                    },
                    "translation": {
                        "x": -4.000000000000001,
                        "y": -3.9999999999999996
                    }
                }
            ],
            "type": "capture_mesh"
        },
        {
            "file": "Puzzle2_CaptureMesh2.json",
            "permutation_list": [],
            "symmetry_list": [
                {
                    "linear_transform": {
                        "x_axis": {
                            "x": 2.9605947323337506e-16,
                            "y": -1.0000000000000002
                        },
                        "y_axis": {
                            "x": 1.0000000000000002,
                            "y": 7.401486830834375e-17
                        }
                    },
                    "translation": {
                        "x": 3.9999999999999996,