{
    "mesh": {
        "triangle_list": [
            [
                0,
                1,
                2
            ]
        ],
        "vertex_list": [
            {
                "x": 0.633974596215561,
                "y": -1.3660254037844388
            },
            {
                "x": -2.220446049250313e-16,
                "y": -1.0
            },
            {
                "x": 0.36602540378443726,
                "y": -1.6339745962155625
            }
        ]
    }
}