{
    "triangle_list": [
        [
            0,
            1,
            2
        ],
        [
            2,
            3,
            0
        ]
    ],
    "vertex_list": [
        {
            "x": 0.0,
            "y": 2.8575091980104907e-16
        },
        {
            "x": -3.500000000000001,
            "y": 5.715018396020981e-16
        },
        {
            "x": -3.5000000000000013,
            "y": -2.0207259421636903
        },
        {
            "x": -1.7500000000000029,
            "y": -3.031088913245535
        }
    ]
}