{
    "triangle_list": [
        [
            0,
            1,
            2
        ]
    ],
    "vertex_list": [
        {
            "x": -1.0000000000000002,
            "y": -1.0
        },
        {
            "x": -0.6339745962155621,
            "y": -1.3660254037844382
        },
        {
            "x": -0.7320508075688786,
            "y": -0.9999999999999998
        }
    ]
}