{
    "mesh": {
        "triangle_list": [
            [
                0,
                1,
                2
            ]
        ],
        "vertex_list": [
            {
                "x": -0.36602540378443793,
                "y": -1.6339745962155623
            },
            {
                "x": -3.8459253727671296e-16,
                "y": -1.732050807568878
            },
            {
                "x": -2.220446049250313e-16,
                "y": -1.0
            }
        ]
    }
}