{
    "triangle_list": [
        [
            0,
            1,
            2
        ],
        [
            2,
            3,
            0
        ]
    ],
    "vertex_list": [
        {
            "x": 2.0000000000000013,
            "y": 8.0
        },
        {
            "x": 4.000000000000001,
            "y": 8.0
        },
        {
            "x": 4.000000000000001,
            "y": 10.0
        },
        {
            "x": 2.0000000000000018,
            "y": 10.0
        }
    ]
}