{
    "triangle_list": [
        [
            0,
            1,
            2
        ],
        [
            2,
            3,
            0
        ]
    ],
    "vertex_list": [
        {
            "x": 3.1844691008335,
            "y": -1.6956182421246346
        },
        {
            "x": 2.596683848541027,
            "y": -2.504635236499582
        },
        {
            "x": 2.9786498597911315,
            "y": -2.7821497879253574
        },
        {
            "x": 3.566435112083605,
            "y": -1.97313279355041
        }
    ]
}