{
    "triangle_list": [
        [
            0,
            1,
            2
        ],
        [
            2,
            3,
            0
        ]
    ],
    "vertex_list": [
        {
            "x": -0.7744717418524218,
            "y": 4.001612918656541
        },
        {
            "x": -1.7255282581475753,
            "y": 3.6925959242815938
        },
        {
            "x": -1.4755282581475753,
            "y": 2.9231750399877803
        },
        {
            "x": -0.5244717418524224,
            "y": 3.2321920343627273
        }
    ]
}