{
    "mesh": {
        "triangle_list": [
            [
                0,
                1,
                2
            ],
            [
                2,
                3,
                0
            ]
        ],
        "vertex_list": [
            {
                "x": 0.9999999999999997,
                "y": -2.0
            },
            {
                "x": -5.894386446692372e-16,
                "y": -1.0
            },
            {
                "x": -1.0000000000000004,
                "y": -1.9999999999999998
            },
            {
                "x": -5.51091059616309e-16,
                "y": -3.0
            }
        ]
    }
}