{
    "mesh": {
        "triangle_list": [
            [
                0,
                1,
                2
            ],
            [
                2,
                3,
                0
            ]
        ],
        "vertex_list": [
            {
                "x": 1.0151243682287114,
                "y": 1.3555650134826271
            },
            {
                "x": 1.6029096205211841,
                "y": 0.5465480191076797
            },
            {
                "x": 2.2574181177086583,
                "y": 1.022076277255256
            },
            {
                "x": 1.669632865416185,
                "y": 1.8310932716302035
            }
        ]
    }
}