{
    "mesh": {
        "triangle_list": [
            [
                0,
                1,
                2
            ],
            [
                2,
                3,
                0
            ]
        ],
        "vertex_list": [
            {
                "x": -1.1480502970952693,
                "y": 2.771638597533861
            },
            {
                "x": 1.1480502970952695,
                "y": 2.77163859753386
            },
            {
                "x": 1.5307337294603593,
                "y": 3.695518130045147
            },
            {
                "x": -1.530733729460359,
                "y": 3.6955181300451474
            }
        ]
    }
}