{
    "mesh": {
        "triangle_list": [
            [
                0,
                1,
                2
            ],
            [
                2,
                3,
                0
            ]
        ],
        "vertex_list": [
            {
                "x": -0.49999999999999983,
                "y": -1.0000000000000002
            },
            {
                "x": -0.4999999999999998,
                "y": -0.4999999999999998
            },
            {
                "x": -0.9999999999999991,
                "y": -0.4999999999999998
            },
            {
                "x": -0.9999999999999991,
                "y": -0.9999999999999991
            }
        ]
    }
}