{
    "mesh": {
        "triangle_list": [
            [
                0,
                1,
                2
            ],
            [
                2,
                3,
                0
            ]
        ],
        "vertex_list": [
            {
                "x": 0.9999999999999992,
                "y": 2.5000000000000004
            },
            {
                "x": 0.49999999999999906,
                "y": 2.5
            },
            {
                "x": 0.49999999999999967,
                "y": 2.0000000000000004
            },
            {
                "x": 0.9999999999999983,
                "y": 2.0000000000000004
            }
        ]
    }
}