{
    "triangle_list": [
        [
            0,
            1,
            2
        ],
        [
            2,
            3,
            0
        ]
    ],
    "vertex_list": [
        {
            "x": 2.5966838485410273,
            "y": 2.5046352364995816
        },
        {
            "x": 2.3241413626036587,
            "y": 2.3066215297777797
        },
        {
            "x": 2.9119266148961316,
            "y": 1.4976045354028327
        },
        {
            "x": 3.1844691008334998,
            "y": 1.6956182421246342
        }
    ]
}