{
    "triangle_list": [
        [
            0,
            1,
            2
        ],
        [
            2,
            3,
            0
        ]
    ],
    "vertex_list": [
        {
            "x": 1.0000000000000002,
            "y": 1.0000000000000002
        },
        {
            "x": 0.5,
            "y": 1.0000000000000002
        },
        {
            "x": 0.4999999999999998,
            "y": 0.4999999999999998
        },
        {
            "x": 1.0000000000000004,
            "y": 0.4999999999999997
        }
    ]
}