{
    "mesh": {
        "triangle_list": [
            [
                0,
                1,
                2
            ],
            [
                2,
                3,
                0
            ]
        ],
        "vertex_list": [
            {
                "x": -1.14805029709527,
                "y": -2.77163859753386
            },
            {
                "x": -1.5307337294603598,
                "y": -3.695518130045147
            },
            {
                "x": 1.5307337294603582,
                "y": -3.695518130045148
            },
            {
                "x": 1.1480502970952688,
                "y": -2.771638597533861
            }
        ]
    }
}