{
    "triangle_list": [
        [
            0,
            1,
            2
        ],
        [
            2,
            3,
            0
        ]
    ],
    "vertex_list": [
        {
            "x": -1.079630224397261,
            "y": 1.7047261791143813
        },
        {
            "x": -0.1285737081021074,
            "y": 2.0137431734893285
        },
        {
            "x": -0.2744717418524225,
            "y": 2.462771150068914
        },
        {
            "x": -1.2255282581475762,
            "y": 2.1537541556939663
        }
    ]
}