{
    "triangle_list": [
        [
            0,
            1,
            2
        ],
        [
            2,
            3,
            0
        ]
    ],
    "vertex_list": [
        {
            "x": 1.0000000000000002,
            "y": 0.9999999999999992
        },
        {
            "x": 0.49999999999999967,
            "y": 0.9999999999999992
        },
        {
            "x": 0.5,
            "y": 0.49999999999999967
        },
        {
            "x": 1.0000000000000009,
            "y": 0.5000000000000007
        }
    ]
}