{
    "triangle_list": [
        [
            0,
            1,
            2
        ],
        [
            2,
            3,
            0
        ]
    ],
    "vertex_list": [
        {
            "x": 3.1844691008334998,
            "y": -1.6956182421246344
        },
        {
            "x": 2.5966838485410264,
            "y": -2.504635236499582
        },
        {
            "x": 2.9786498597911315,
            "y": -2.7821497879253574
        },
        {
            "x": 3.566435112083605,
            "y": -1.9731327935504104
        }
    ]
}