{
    "triangle_list": [
        [
            0,
            1,
            2
        ]
    ],
    "vertex_list": [
        {
            "x": 1.3660254037844386,
            "y": -0.6339745962155612
        },
        {
            "x": 1.6339745962155625,
            "y": -0.36602540378443726
        },
        {
            "x": 1.0,
            "y": 0.0
        }
    ]
}