{
    "triangle_list": [
        [
            0,
            1,
            2
        ],
        [
            2,
            3,
            0
        ]
    ],
    "vertex_list": [
        {
            "x": -9.0,
            "y": -2.0
        },
        {
            "x": -8.0,
            "y": -1.9999999999999991
        },
        {
            "x": -8.0,
            "y": 2.000000000000001
        },
        {
            "x": -9.0,
            "y": 2.0000000000000013
        }
    ]
}