{
    "triangle_list": [
        [
            0,
            1,
            2
        ],
        [
            2,
            3,
            0
        ]
    ],
    "vertex_list": [
        {
            "x": -4.0,
            "y": 2.0000000000000004
        },
        {
            "x": -2.0000000000000013,
            "y": 2.000000000000001
        },
        {
            "x": -2.000000000000001,
            "y": 3.999999999999999
        },
        {
            "x": -4.0,
            "y": 3.999999999999999
        }
    ]
}