{
    "mesh": {
        "triangle_list": [
            [
                0,
                1,
                2
            ]
        ],
        "vertex_list": [
            {
                "x": -1.3660254037844388,
                "y": 0.6339745962155613
            },
            {
                "x": -1.0,
                "y": 0.0
            },
            {
                "x": -1.0,
                "y": 0.7320508075688784
            }
        ]
    }
}