{
    "mesh": {
        "triangle_list": [
            [
                0,
                1,
                2
            ],
            [
                2,
                3,
                0
            ]
        ],
        "vertex_list": [
            {
                "x": -1.4142135623730954,
                "y": 1.414213562373095
            },
            {
                "x": -0.7071067811865476,
                "y": 0.7071067811865476
            },
            {
                "x": 0.0,
                "y": 1.4142135623730951
            },
            {
                "x": -0.7071067811865476,
                "y": 2.121320343559643
            }
        ]
    }
}