{
    "triangle_list": [
        [
            0,
            1,
            2
        ],
        [
            2,
            3,
            0
        ]
    ],
    "vertex_list": [
        {
            "x": 3.0000000000000004,
            "y": 9.0
        },
        {
            "x": 4.000000000000001,
            "y": 9.000000000000002
        },
        {
            "x": 4.000000000000001,
            "y": 10.0
        },
        {
            "x": 3.000000000000001,
            "y": 10.0
        }
    ]
}