{
    "triangle_list": [
        [
            0,
            1,
            2
        ]
    ],
    "vertex_list": [
        {
            "x": 0.3660254037844376,
            "y": 1.6339745962155625
        },
        {
            "x": 1.6254793235168165e-16,
            "y": 1.7320508075688783
        },
        {
            "x": 0.0,
            "y": 1.0000000000000002
        }
    ]
}