{
    "triangle_list": [
        [
            0,
            1,
            2
        ],
        [
            2,
            3,
            0
        ]
    ],
    "vertex_list": [
        {
            "x": 3.499999999999999,
            "y": 1.9999999999999993
        },
        {
            "x": 4.0,
            "y": 1.9999999999999996
        },
        {
            "x": 4.0,
            "y": 2.5
        },
        {
            "x": 3.499999999999999,
            "y": 2.5
        }
    ]
}