{
    "triangle_list": [
        [
            0,
            1,
            2
        ]
    ],
    "vertex_list": [
        {
            "x": 1.1102230246251565e-15,
            "y": -4.0414518843273814
        },
        {
            "x": 3.500000000000001,
            "y": -6.06217782649107
        },
        {
            "x": 1.7500000000000004,
            "y": -3.0310889132455383
        }
    ]
}