{
    "triangle_list": [
        [
            0,
            1,
            2
        ],
        [
            2,
            3,
            0
        ]
    ],
    "vertex_list": [
        {
            "x": 2.5000000000000013,
            "y": 3.5000000000000004
        },
        {
            "x": 2.5000000000000013,
            "y": 4.0
        },
        {
            "x": 2.0,
            "y": 4.0
        },
        {
            "x": 2.0,
            "y": 3.500000000000001
        }
    ]
}