{
    "mesh": {
        "triangle_list": [
            [
                0,
                1,
                2
            ],
            [
                2,
                3,
                0
            ]
        ],
        "vertex_list": [
            {
                "x": -1.5796302243972622,
                "y": -3.243567947702008
            },
            {
                "x": -0.6285737081021086,
                "y": -3.5525849420769555
            },
            {
                "x": -0.5244717418524241,
                "y": -3.2321920343627273
            },
            {
                "x": -1.4755282581475768,
                "y": -2.92317503998778
            }
        ]
    }
}