{
    "triangle_list": [
        [
            0,
            1,
            2
        ],
        [
            2,
            3,
            0
        ]
    ],
    "vertex_list": [
        {
            "x": -1.5796302243972606,
            "y": -3.2435679477020076
        },
        {
            "x": -1.7255282581475764,
            "y": -3.6925959242815933
        },
        {
            "x": -0.7744717418524223,
            "y": -4.001612918656541
        },
        {
            "x": -0.628573708102107,
            "y": -3.552584942076955
        }
    ]
}