{
    "triangle_list": [
        [
            0,
            1,
            2
        ]
    ],
    "vertex_list": [
        {
            "x": -3.945220944567628e-16,
            "y": -1.7320508075688779
        },
        {
            "x": -3.6739403974420594e-16,
            "y": -2.0
        },
        {
            "x": 0.36602540378443776,
            "y": -1.6339745962155618
        }
    ]
}