{
    "mesh": {
        "triangle_list": [
            [
                0,
                1,
                2
            ]
        ],
        "vertex_list": [
            {
                "x": 3.500000000000001,
                "y": 6.06217782649107
            },
            {
                "x": -3.4999999999999982,
                "y": 6.062177826491071
            },
            {
                "x": 0.0,
                "y": 4.041451884327382
            }
        ]
    }
}