{
    "mesh": {
        "triangle_list": [
            [
                0,
                1,
                2
            ],
            [
                2,
                3,
                0
            ],
            [
                4,
                5,
                1
            ],
            [
                1,
                0,
                4
            ],
            [
                5,
                6,
                1
            ],
            [
                7,
                8,
                3
            ],
            [
                3,
                2,
                7
            ],
            [
                8,
                9,
                3
            ],
            [
                4,
                10,
                5
            ],
            [
                7,
                11,
                8
            ],
            [
                3,
                12,
                0
            ],
            [
                10,
                13,
                5
            ],
            [
                11,
                14,
                8
            ],
            [
                15,
                16,
                17
            ],
            [
                17,
                18,
                15
            ],
            [
                15,
                19,
                16
            ],
            [
                20,
                12,
                18
            ],
            [
                18,
                17,
                20
            ],
            [
                21,
                22,
                12
            ],
            [
                12,
                20,
                21
            ],
            [
                22,
                23,
                12
            ],
            [
                16,
                24,
                17
            ],
            [
                21,
                25,
                22
            ],
            [
                12,
                3,
                18
            ],
            [
                16,
                26,
                24
            ],
            [
                25,
                27,
                22
            ]
        ],
        "vertex_list": [
            {
                "x": -0.4999999999999998,
                "y": -0.4999999999999998
            },
            {
                "x": 0.49999999999999867,
                "y": -2.5000000000000004
            },
            {
                "x": 0.4999999999999993,
                "y": -0.49999999999999994
            },
            {
                "x": 2.5000000000000004,
                "y": 0.49999999999999944
            },
            {
                "x": -0.5,
                "y": -2.5000000000000004
            },
            {
                "x": 1.9999999999999991,
                "y": -3.000000000000001
            },
            {
                "x": 1.9999999999999991,
                "y": -2.500000000000001
            },
            {
                "x": 2.5000000000000004,
                "y": -0.5000000000000003
            },
            {
                "x": 3.0000000000000004,
                "y": 1.9999999999999991
            },
            {
                "x": 2.5,
                "y": 1.9999999999999996
            },
            {
                "x": -2.0,
                "y": -2.5
            },
            {
                "x": 2.4999999999999996,
                "y": -2.0000000000000004
            },
            {
                "x": -2.5,
                "y": -0.4999999999999998
            },
            {
                "x": -1.9999999999999996,
                "y": -3.0
            },
            {
                "x": 3.0,
                "y": -2.0
            },
            {
                "x": 0.49999999999999906,
                "y": 2.5
            },
            {
                "x": 1.9999999999999998,
                "y": 3.0000000000000004
            },
            {
                "x": -0.4999999999999996,
                "y": 2.5
            },
            {
                "x": 0.49999999999999933,
                "y": 0.49999999999999944
            },
            {
                "x": 1.9999999999999996,
                "y": 2.5
            },
            {
                "x": -0.4999999999999997,
                "y": 0.4999999999999994
            },
            {
                "x": -2.5,
                "y": 0.49999999999999967
            },
            {
                "x": -3.000000000000001,
                "y": -2.0000000000000013
            },
            {
                "x": -2.5000000000000004,
                "y": -2.0000000000000004
            },
            {
                "x": -1.9999999999999996,
                "y": 2.5
            },
            {
                "x": -2.5,
                "y": 2.0000000000000004
            },
            {
                "x": -1.999999999999999,
                "y": 3.0000000000000004
            },
            {
                "x": -3.0000000000000004,
                "y": 2.0000000000000013
            }
        ]
    }
}