{
    "mesh": {
        "triangle_list": [
            [
                0,
                1,
                2
            ]
        ],
        "vertex_list": [
            {
                "x": 1.7247748953173148e-16,
                "y": 1.732050807568878
            },
            {
                "x": 1.2246467991473532e-16,
                "y": 2.0
            },
            {
                "x": -0.3660254037844377,
                "y": 1.633974596215562
            }
        ]
    }
}