{
    "triangle_list": [
        [
            0,
            1,
            2
        ],
        [
            2,
            3,
            0
        ]
    ],
    "vertex_list": [
        {
            "x": 4.0,
            "y": 4.0
        },
        {
            "x": 4.0,
            "y": 2.9999999999999996
        },
        {
            "x": 5.0,
            "y": 2.999999999999999
        },
        {
            "x": 5.0,
            "y": 4.0
        }
    ]
}