{
    "triangle_list": [
        [
            0,
            1,
            2
        ],
        [
            2,
            3,
            0
        ]
    ],
    "vertex_list": [
        {
            "x": -3.23606797749979,
            "y": 0.5
        },
        {
            "x": -4.045084971874737,
            "y": 0.5
        },
        {
            "x": -4.045084971874737,
            "y": -0.5
        },
        {
            "x": -3.23606797749979,
            "y": -0.4999999999999998
        }
    ]
}