{
    "triangle_list": [
        [
            0,
            1,
            2
        ]
    ],
    "vertex_list": [
        {
            "x": -3.4999999999999982,
            "y": 6.062177826491071
        },
        {
            "x": -1.7500000000000007,
            "y": 3.0310889132455365
        },
        {
            "x": 0.0,
            "y": 4.041451884327382
        }
    ]
}