{
    "mesh": {
        "triangle_list": [
            [
                0,
                1,
                2
            ],
            [
                2,
                3,
                0
            ]
        ],
        "vertex_list": [
            {
                "x": -3.5729490168751576,
                "y": -0.5
            },
            {
                "x": -3.5729490168751576,
                "y": 0.5
            },
            {
                "x": -4.045084971874737,
                "y": 0.5
            },
            {
                "x": -4.045084971874737,
                "y": -0.5
            }
        ]
    }
}