{
    "mesh": {
        "triangle_list": [
            [
                0,
                1,
                2
            ],
            [
                2,
                3,
                0
            ]
        ],
        "vertex_list": [
            {
                "x": 2.500000000000001,
                "y": 1.9999999999999996
            },
            {
                "x": 2.500000000000001,
                "y": 2.4999999999999996
            },
            {
                "x": 1.9999999999999996,
                "y": 2.5
            },
            {
                "x": 1.9999999999999996,
                "y": 2.0
            }
        ]
    }
}