{
    "mesh": {
        "triangle_list": [
            [
                0,
                1,
                2
            ],
            [
                2,
                3,
                0
            ]
        ],
        "vertex_list": [
            {
                "x": -0.6285737081021071,
                "y": 3.5525849420769555
            },
            {
                "x": -1.5796302243972606,
                "y": 3.243567947702008
            },
            {
                "x": -1.4755282581475764,
                "y": 2.92317503998778
            },
            {
                "x": -0.5244717418524227,
                "y": 3.2321920343627273
            }
        ]
    }
}