{
    "triangle_list": [
        [
            0,
            1,
            2
        ],
        [
            2,
            3,
            0
        ]
    ],
    "vertex_list": [
        {
            "x": 2.9119266148961316,
            "y": -1.4976045354028336
        },
        {
            "x": 2.3241413626036582,
            "y": -2.3066215297777806
        },
        {
            "x": 2.978649859791131,
            "y": -2.7821497879253583
        },
        {
            "x": 3.5664351120836044,
            "y": -1.9731327935504106
        }
    ]
}