{
    "mesh": {
        "triangle_list": [
            [
                0,
                1,
                2
            ],
            [
                2,
                3,
                0
            ]
        ],
        "vertex_list": [
            {
                "x": 1.77635683940025e-15,
                "y": -4.041451884327381
            },
            {
                "x": 1.7500000000000002,
                "y": -3.0310889132455365
            },
            {
                "x": 8.881784197001252e-16,
                "y": 2.8575091980104897e-16
            },
            {
                "x": -1.7499999999999993,
                "y": -3.031088913245535
            }
        ]
    }
}