{
    "mesh": {
        "triangle_list": [
            [
                0,
                1,
                2
            ],
            [
                2,
                3,
                0
            ]
        ],
        "vertex_list": [
            {
                "x": -0.02447174185242329,
                "y": 1.6933502657751003
            },
            {
                "x": -0.2744717418524232,
                "y": 2.462771150068914
            },
            {
                "x": -1.2255282581475764,
                "y": 2.1537541556939663
            },
            {
                "x": -0.9755282581475766,
                "y": 1.384333271400153
            }
        ]
    }
}