{
    "triangle_list": [
        [
            0,
            1,
            2
        ],
        [
            2,
            3,
            0
        ]
    ],
    "vertex_list": [
        {
            "x": -2.0,
            "y": 2.5000000000000004
        },
        {
            "x": -2.4999999999999996,
            "y": 2.500000000000001
        },
        {
            "x": -2.5,
            "y": 2.0000000000000004
        },
        {
            "x": -2.000000000000001,
            "y": 2.0
        }
    ]
}