{
    "triangle_list": [
        [
            0,
            1,
            2
        ],
        [
            2,
            3,
            0
        ]
    ],
    "vertex_list": [
        {
            "x": -1.5796302243972593,
            "y": 3.2435679477020063
        },
        {
            "x": -1.475528258147576,
            "y": 2.92317503998778
        },
        {
            "x": -0.5244717418524218,
            "y": 3.2321920343627273
        },
        {
            "x": -0.6285737081021062,
            "y": 3.552584942076953
        }
    ]
}