{
    "triangle_list": [
        [
            0,
            1,
            2
        ],
        [
            2,
            3,
            0
        ]
    ],
    "vertex_list": [
        {
            "x": -3.0,
            "y": 3.6739403974420594e-16
        },
        {
            "x": -5.51091059616309e-16,
            "y": -3.0
        },
        {
            "x": 3.0,
            "y": 0.0
        },
        {
            "x": 1.8369701987210297e-16,
            "y": 3.0
        }
    ]
}