{
    "triangle_list": [
        [
            0,
            1,
            2
        ],
        [
            2,
            3,
            0
        ]
    ],
    "vertex_list": [
        {
            "x": -9.0,
            "y": -2.9999999999999987
        },
        {
            "x": -8.0,
            "y": -2.999999999999999
        },
        {
            "x": -8.0,
            "y": -1.9999999999999991
        },
        {
            "x": -9.0,
            "y": -2.0
        }
    ]
}