{
    "triangle_list": [
        [
            0,
            1,
            2
        ],
        [
            2,
            3,
            0
        ]
    ],
    "vertex_list": [
        {
            "x": 2.324141362603658,
            "y": 2.3066215297777797
        },
        {
            "x": 2.9119266148961316,
            "y": 1.4976045354028327
        },
        {
            "x": 3.5664351120836058,
            "y": 1.9731327935504095
        },
        {
            "x": 2.9786498597911324,
            "y": 2.782149787925357
        }
    ]
}