{
    "mesh": {
        "triangle_list": [
            [
                0,
                1,
                2
            ],
            [
                2,
                3,
                0
            ]
        ],
        "vertex_list": [
            {
                "x": -0.6285737081021071,
                "y": 3.5525849420769555
            },
            {
                "x": -0.7744717418524227,
                "y": 4.001612918656541
            },
            {
                "x": -1.7255282581475764,
                "y": 3.6925959242815933
            },
            {
                "x": -1.5796302243972606,
                "y": 3.243567947702008
            }
        ]
    }
}