{
    "mesh": {
        "triangle_list": [
            [
                0,
                1,
                2
            ],
            [
                2,
                3,
                0
            ]
        ],
        "vertex_list": [
            {
                "x": -2.000000000000001,
                "y": -1.0000000000000009
            },
            {
                "x": -1.0,
                "y": -1.0
            },
            {
                "x": -1.0,
                "y": 0.0
            },
            {
                "x": -2.0,
                "y": 0.0
            }
        ]
    }
}