{
    "mesh": {
        "triangle_list": [
            [
                0,
                1,
                2
            ]
        ],
        "vertex_list": [
            {
                "x": -0.38268343236508995,
                "y": -0.9238795325112867
            },
            {
                "x": 0.38268343236508956,
                "y": -0.923879532511287
            },
            {
                "x": 0.0,
                "y": 0.0
            }
        ]
    }
}