{
    "mesh": {
        "triangle_list": [
            [
                0,
                1,
                2
            ],
            [
                2,
                3,
                0
            ]
        ],
        "vertex_list": [
            {
                "x": 5.000000000000001,
                "y": 0.0
            },
            {
                "x": 6.0,
                "y": -0.9999999999999996
            },
            {
                "x": 7.0,
                "y": 0.0
            },
            {
                "x": 6.000000000000002,
                "y": 0.9999999999999987
            }
        ]
    }
}