{
    "triangle_list": [
        [
            0,
            1,
            2
        ],
        [
            2,
            3,
            0
        ]
    ],
    "vertex_list": [
        {
            "x": -1.5796302243972593,
            "y": 3.2435679477020063
        },
        {
            "x": -0.6285737081021062,
            "y": 3.552584942076953
        },
        {
            "x": -0.7744717418524214,
            "y": 4.001612918656541
        },
        {
            "x": -1.725528258147575,
            "y": 3.6925959242815933
        }
    ]
}