{
    "triangle_list": [
        [
            0,
            1,
            2
        ],
        [
            2,
            3,
            0
        ]
    ],
    "vertex_list": [
        {
            "x": -2.0000000000000018,
            "y": -1.9999999999999991
        },
        {
            "x": -3.000000000000001,
            "y": -2.0000000000000018
        },
        {
            "x": -3.000000000000001,
            "y": -2.9999999999999996
        },
        {
            "x": -2.000000000000002,
            "y": -3.0
        }
    ]
}