{
    "triangle_list": [
        [
            0,
            1,
            2
        ],
        [
            2,
            3,
            0
        ]
    ],
    "vertex_list": [
        {
            "x": -0.9999999999999992,
            "y": 2.4999999999999982
        },
        {
            "x": -0.9999999999999992,
            "y": 1.9999999999999967
        },
        {
            "x": -0.4999999999999997,
            "y": 1.999999999999997
        },
        {
            "x": -0.4999999999999997,
            "y": 2.499999999999998
        }
    ]
}