{
    "triangle_list": [
        [
            0,
            1,
            2
        ],
        [
            2,
            3,
            0
        ]
    ],
    "vertex_list": [
        {
            "x": 3.499999999999999,
            "y": -2.499999999999999
        },
        {
            "x": 3.9999999999999996,
            "y": -3.0
        },
        {
            "x": 4.5,
            "y": -2.5
        },
        {
            "x": 3.9999999999999996,
            "y": -2.0
        }
    ]
}