{
    "triangle_list": [
        [
            0,
            1,
            2
        ],
        [
            2,
            3,
            0
        ]
    ],
    "vertex_list": [
        {
            "x": -1.5796302243972629,
            "y": -3.243567947702007
        },
        {
            "x": -0.6285737081021096,
            "y": -3.5525849420769546
        },
        {
            "x": -0.5244717418524248,
            "y": -3.2321920343627273
        },
        {
            "x": -1.4755282581475786,
            "y": -2.9231750399877794
        }
    ]
}