{
    "triangle_list": [
        [
            0,
            1,
            2
        ],
        [
            2,
            3,
            0
        ]
    ],
    "vertex_list": [
        {
            "x": 2.5000000000000004,
            "y": -0.4999999999999995
        },
        {
            "x": 1.999999999999999,
            "y": -0.5000000000000007
        },
        {
            "x": 1.9999999999999987,
            "y": -1.0
        },
        {
            "x": 2.499999999999999,
            "y": -1.0000000000000007
        }
    ]
}