{
    "triangle_list": [
        [
            0,
            1,
            2
        ],
        [
            2,
            3,
            0
        ]
    ],
    "vertex_list": [
        {
            "x": 3.0000000000000027,
            "y": -8.0
        },
        {
            "x": 3.0,
            "y": -4.000000000000002
        },
        {
            "x": 2.000000000000001,
            "y": -3.9999999999999996
        },
        {
            "x": 1.9999999999999991,
            "y": -8.000000000000002
        }
    ]
}