{
    "triangle_list": [
        [
            0,
            1,
            2
        ],
        [
            2,
            3,
            0
        ]
    ],
    "vertex_list": [
        {
            "x": 2.5966838485410264,
            "y": -2.5046352364995825
        },
        {
            "x": 3.1844691008334998,
            "y": -1.695618242124635
        },
        {
            "x": 2.9119266148961316,
            "y": -1.4976045354028336
        },
        {
            "x": 2.3241413626036582,
            "y": -2.3066215297777806
        }
    ]
}