{
    "triangle_list": [
        [
            0,
            1,
            2
        ],
        [
            2,
            3,
            0
        ]
    ],
    "vertex_list": [
        {
            "x": 4.0,
            "y": -3.000000000000001
        },
        {
            "x": 7.999999999999999,
            "y": -3.000000000000002
        },
        {
            "x": 7.999999999999999,
            "y": -2.0000000000000018
        },
        {
            "x": 4.0,
            "y": -2.000000000000001
        }
    ]
}