{
    "triangle_list": [
        [
            0,
            1,
            2
        ],
        [
            2,
            3,
            0
        ]
    ],
    "vertex_list": [
        {
            "x": -2.4270509831248424,
            "y": 0.5
        },
        {
            "x": -3.23606797749979,
            "y": 0.5
        },
        {
            "x": -3.23606797749979,
            "y": -0.4999999999999998
        },
        {
            "x": -2.4270509831248424,
            "y": -0.49999999999999956
        }
    ]
}