{
    "mesh": {
        "triangle_list": [
            [
                0,
                1,
                2
            ],
            [
                2,
                3,
                0
            ]
        ],
        "vertex_list": [
            {
                "x": 3.500000000000001,
                "y": -2.0207259421636907
            },
            {
                "x": 3.500000000000001,
                "y": 0.0
            },
            {
                "x": 8.881784197001252e-16,
                "y": 2.8575091980104897e-16
            },
            {
                "x": 1.7500000000000002,
                "y": -3.0310889132455365
            }
        ]
    }
}