{
    "triangle_list": [
        [
            0,
            1,
            2
        ],
        [
            2,
            3,
            0
        ]
    ],
    "vertex_list": [
        {
            "x": 3.1844691008334993,
            "y": 1.695618242124633
        },
        {
            "x": 2.596683848541027,
            "y": 2.5046352364995803
        },
        {
            "x": 2.324141362603658,
            "y": 2.3066215297777797
        },
        {
            "x": 2.9119266148961316,
            "y": 1.4976045354028327
        }
    ]
}