{
    "mesh": {
        "triangle_list": [
            [
                0,
                1,
                2
            ],
            [
                2,
                3,
                0
            ]
        ],
        "vertex_list": [
            {
                "x": -3.0000000000000018,
                "y": -10.000000000000002
            },
            {
                "x": -3.000000000000002,
                "y": -8.999999999999998
            },
            {
                "x": -4.000000000000002,
                "y": -8.999999999999998
            },
            {
                "x": -4.000000000000002,
                "y": -10.000000000000002
            }
        ]
    }
}