{
    "mesh": {
        "triangle_list": [
            [
                0,
                1,
                2
            ],
            [
                2,
                3,
                0
            ]
        ],
        "vertex_list": [
            {
                "x": -2.0000000000000027,
                "y": -3.0
            },
            {
                "x": 2.0000000000000018,
                "y": -3.000000000000001
            },
            {
                "x": 2.0000000000000018,
                "y": -2.0000000000000004
            },
            {
                "x": -2.0000000000000018,
                "y": -2.0
            }
        ]
    }
}