{
    "mesh": {
        "triangle_list": [
            [
                0,
                1,
                2
            ],
            [
                2,
                3,
                0
            ]
        ],
        "vertex_list": [
            {
                "x": 2.77163859753386,
                "y": -1.14805029709527
            },
            {
                "x": 1.1480502970952688,
                "y": -2.771638597533861
            },
            {
                "x": 1.5307337294603582,
                "y": -3.695518130045148
            },
            {
                "x": 3.6955181300451465,
                "y": -1.53073372946036
            }
        ]
    }
}