{
    "triangle_list": [
        [
            0,
            1,
            2
        ],
        [
            0,
            2,
            3
        ]
    ],
    "vertex_list": [
        {
            "x": -3.6739403974420594e-16,
            "y": -2.0
        },
        {
            "x": 0.49999999999999994,
            "y": -1.4999999999999998
        },
        {
            "x": 4.286263797015736e-16,
            "y": -1.0
        },
        {
            "x": -0.5000000000000001,
            "y": -1.5000000000000002
        }
    ]
}