{
    "triangle_list": [
        [
            0,
            1,
            2
        ]
    ],
    "vertex_list": [
        {
            "x": -0.6339745962155621,
            "y": -1.3660254037844382
        },
        {
            "x": -0.3660254037844385,
            "y": -1.6339745962155618
        },
        {
            "x": -4.440892098500626e-16,
            "y": -0.9999999999999998
        }
    ]
}