{
    "triangle_list": [
        [
            0,
            1,
            2
        ],
        [
            2,
            3,
            0
        ]
    ],
    "vertex_list": [
        {
            "x": 1.0151243682287108,
            "y": 1.355565013482627
        },
        {
            "x": 1.6029096205211837,
            "y": 0.5465480191076804
        },
        {
            "x": 2.2574181177086574,
            "y": 1.022076277255257
        },
        {
            "x": 1.669632865416185,
            "y": 1.8310932716302035
        }
    ]
}