{
    "triangle_list": [
        [
            0,
            1,
            2
        ]
    ],
    "vertex_list": [
        {
            "x": 2.999999999999999,
            "y": 0.0
        },
        {
            "x": 3.2679491924311233,
            "y": 0.0
        },
        {
            "x": 3.366025403784439,
            "y": 0.36602540378444015
        }
    ]
}