{
    "triangle_list": [
        [
            0,
            1,
            2
        ],
        [
            2,
            3,
            0
        ]
    ],
    "vertex_list": [
        {
            "x": 9.0,
            "y": 3.9999999999999982
        },
        {
            "x": 7.999999999999999,
            "y": 3.9999999999999964
        },
        {
            "x": 7.999999999999999,
            "y": 2.9999999999999982
        },
        {
            "x": 9.0,
            "y": 2.999999999999998
        }
    ]
}