{
    "mesh": {
        "triangle_list": [
            [
                0,
                1,
                2
            ],
            [
                2,
                3,
                0
            ]
        ],
        "vertex_list": [
            {
                "x": 2.5,
                "y": -0.9999999999999984
            },
            {
                "x": 2.5000000000000004,
                "y": -0.5000000000000003
            },
            {
                "x": 2.0000000000000004,
                "y": -0.4999999999999982
            },
            {
                "x": 2.0000000000000004,
                "y": -0.9999999999999973
            }
        ]
    }
}