{
    "triangle_list": [
        [
            0,
            1,
            2
        ],
        [
            2,
            3,
            0
        ]
    ],
    "vertex_list": [
        {
            "x": 0.9999999999999997,
            "y": 0.4999999999999995
        },
        {
            "x": 0.9999999999999996,
            "y": 1.0000000000000007
        },
        {
            "x": 0.5000000000000001,
            "y": 1.0000000000000009
        },
        {
            "x": 0.5,
            "y": 0.49999999999999967
        }
    ]
}