{
    "mesh": {
        "triangle_list": [
            [
                0,
                1,
                2
            ],
            [
                2,
                3,
                0
            ]
        ],
        "vertex_list": [
            {
                "x": -2.220446049250313e-16,
                "y": -2.0
            },
            {
                "x": -1.0,
                "y": -2.0
            },
            {
                "x": -1.0,
                "y": -3.0
            },
            {
                "x": -6.661338147750939e-16,
                "y": -3.0
            }
        ]
    }
}