{
    "triangle_list": [
        [
            0,
            1,
            2
        ],
        [
            2,
            3,
            0
        ]
    ],
    "vertex_list": [
        {
            "x": 1.0000000000000007,
            "y": 2.5000000000000004
        },
        {
            "x": 0.5,
            "y": 2.5000000000000004
        },
        {
            "x": 0.5,
            "y": 1.9999999999999996
        },
        {
            "x": 1.0,
            "y": 1.9999999999999996
        }
    ]
}