{
    "mesh": {
        "triangle_list": [
            [
                0,
                1,
                2
            ],
            [
                2,
                3,
                0
            ]
        ],
        "vertex_list": [
            {
                "x": -1.5796302243972622,
                "y": -3.243567947702008
            },
            {
                "x": -1.7255282581475768,
                "y": -3.692595924281593
            },
            {
                "x": -0.774471741852424,
                "y": -4.00161291865654
            },
            {
                "x": -0.6285737081021086,
                "y": -3.5525849420769555
            }
        ]
    }
}