{
    "triangle_list": [
        [
            0,
            1,
            2
        ],
        [
            2,
            3,
            0
        ]
    ],
    "vertex_list": [
        {
            "x": -0.12857370810210803,
            "y": 2.0137431734893276
        },
        {
            "x": -0.27447174185242407,
            "y": 2.462771150068914
        },
        {
            "x": -1.2255282581475777,
            "y": 2.1537541556939663
        },
        {
            "x": -1.0796302243972613,
            "y": 1.7047261791143806
        }
    ]
}