{
    "mesh": {
        "triangle_list": [
            [
                0,
                1,
                2
            ],
            [
                2,
                3,
                0
            ]
        ],
        "vertex_list": [
            {
                "x": -2.0000000000000004,
                "y": 2.5
            },
            {
                "x": -2.5,
                "y": 2.5
            },
            {
                "x": -2.5,
                "y": 1.999999999999999
            },
            {
                "x": -2.0000000000000004,
                "y": 1.999999999999999
            }
        ]
    }
}