{
    "mesh": {
        "triangle_list": [
            [
                0,
                1,
                2
            ],
            [
                2,
                3,
                0
            ]
        ],
        "vertex_list": [
            {
                "x": 3.1844691008335,
                "y": 1.6956182421246335
            },
            {
                "x": 3.5664351120836058,
                "y": 1.9731327935504093
            },
            {
                "x": 2.978649859791133,
                "y": 2.7821497879253565
            },
            {
                "x": 2.5966838485410277,
                "y": 2.504635236499581
            }
        ]
    }
}