{
    "triangle_list": [
        [
            0,
            1,
            2
        ],
        [
            2,
            3,
            0
        ]
    ],
    "vertex_list": [
        {
            "x": -1.0796302243972615,
            "y": -1.7047261791143808
        },
        {
            "x": -0.1285737081021079,
            "y": -2.013743173489328
        },
        {
            "x": -0.024471741852423123,
            "y": -1.6933502657751003
        },
        {
            "x": -0.9755282581475766,
            "y": -1.3843332714001528
        }
    ]
}