{
    "mesh": {
        "triangle_list": [
            [
                0,
                1,
                2
            ],
            [
                2,
                3,
                0
            ]
        ],
        "vertex_list": [
            {
                "x": -3.0000000000000004,
                "y": -2.0
            },
            {
                "x": -4.0,
                "y": -1.0000000000000004
            },
            {
                "x": -5.0,
                "y": -2.0
            },
            {
                "x": -4.000000000000001,
                "y": -3.0
            }
        ]
    }
}