{
    "triangle_list": [
        [
            0,
            1,
            2
        ],
        [
            0,
            2,
            3
        ]
    ],
    "vertex_list": [
        {
            "x": -2.9999999999999956,
            "y": 2.598076211353314
        },
        {
            "x": -4.499999999999999,
            "y": 3.464101615137755
        },
        {
            "x": -4.5,
            "y": 1.7320508075688803
        },
        {
            "x": -2.9999999999999982,
            "y": 0.8660254037844399
        }
    ]
}