{
    "triangle_list": [
        [
            0,
            1,
            2
        ],
        [
            2,
            3,
            0
        ]
    ],
    "vertex_list": [
        {
            "x": -1.9999999999999996,
            "y": -0.4999999999999998
        },
        {
            "x": -2.5,
            "y": -0.4999999999999998
        },
        {
            "x": -2.5,
            "y": -1.0000000000000002
        },
        {
            "x": -2.0,
            "y": -1.0000000000000004
        }
    ]
}