{
    "triangle_list": [
        [
            0,
            1,
            2
        ],
        [
            0,
            2,
            3
        ]
    ],
    "vertex_list": [
        {
            "x": 2.0,
            "y": 0.0
        },
        {
            "x": 1.2246467991473532e-16,
            "y": 2.0
        },
        {
            "x": -2.0,
            "y": 2.4492935982947064e-16
        },
        {
            "x": -3.6739403974420594e-16,
            "y": -2.0
        }
    ]
}