{
    "triangle_list": [
        [
            0,
            1,
            2
        ],
        [
            2,
            3,
            0
        ]
    ],
    "vertex_list": [
        {
            "x": -1.5,
            "y": -0.4999999999999999
        },
        {
            "x": -1.0,
            "y": 4.898587196589413e-16
        },
        {
            "x": -1.4999999999999998,
            "y": 0.5000000000000002
        },
        {
            "x": -2.0,
            "y": 2.4492935982947064e-16
        }
    ]
}