{
    "triangle_list": [
        [
            0,
            1,
            2
        ],
        [
            2,
            3,
            0
        ]
    ],
    "vertex_list": [
        {
            "x": -1.4755282581475764,
            "y": -2.92317503998778
        },
        {
            "x": -1.5796302243972606,
            "y": -3.2435679477020076
        },
        {
            "x": -0.628573708102107,
            "y": -3.552584942076955
        },
        {
            "x": -0.524471741852423,
            "y": -3.2321920343627273
        }
    ]
}