{
    "mesh": {
        "triangle_list": [
            [
                0,
                1,
                2
            ],
            [
                2,
                3,
                0
            ]
        ],
        "vertex_list": [
            {
                "x": 0.999999999999999,
                "y": 0.9999999999999997
            },
            {
                "x": 0.49999999999999967,
                "y": 1.0000000000000007
            },
            {
                "x": 0.49999999999999933,
                "y": 0.49999999999999944
            },
            {
                "x": 0.999999999999999,
                "y": 0.5000000000000007
            }
        ]
    }
}