{
    "triangle_list": [
        [
            0,
            1,
            2
        ],
        [
            2,
            3,
            0
        ]
    ],
    "vertex_list": [
        {
            "x": -1.9549150281252627,
            "y": -0.49999999999999994
        },
        {
            "x": -1.9549150281252627,
            "y": 0.5000000000000001
        },
        {
            "x": -2.4270509831248424,
            "y": 0.5
        },
        {
            "x": -2.4270509831248424,
            "y": -0.5
        }
    ]
}