{
    "mesh": {
        "triangle_list": [
            [
                0,
                1,
                2
            ],
            [
                2,
                3,
                0
            ]
        ],
        "vertex_list": [
            {
                "x": 2.7716385975338604,
                "y": 1.1480502970952684
            },
            {
                "x": 2.77163859753386,
                "y": -1.14805029709527
            },
            {
                "x": 3.6955181300451465,
                "y": -1.53073372946036
            },
            {
                "x": 3.6955181300451474,
                "y": 1.5307337294603578
            }
        ]
    }
}