{
    "triangle_list": [
        [
            0,
            1,
            2
        ],
        [
            2,
            3,
            0
        ]
    ],
    "vertex_list": [
        {
            "x": 3.0,
            "y": -0.8660254037844386
        },
        {
            "x": 2.999999999999999,
            "y": -2.598076211353317
        },
        {
            "x": 4.499999999999998,
            "y": -3.464101615137756
        },
        {
            "x": 4.499999999999999,
            "y": -1.7320508075688779
        }
    ]
}