{
    "triangle_list": [
        [
            0,
            1,
            2
        ],
        [
            2,
            3,
            0
        ]
    ],
    "vertex_list": [
        {
            "x": 2.2574181177086574,
            "y": -1.0220762772552567
        },
        {
            "x": 1.602909620521184,
            "y": -0.5465480191076799
        },
        {
            "x": 1.015124368228711,
            "y": -1.3555650134826271
        },
        {
            "x": 1.669632865416185,
            "y": -1.8310932716302033
        }
    ]
}