{
    "triangle_list": [
        [
            0,
            1,
            2
        ],
        [
            2,
            3,
            0
        ]
    ],
    "vertex_list": [
        {
            "x": -8.0,
            "y": -1.9999999999999991
        },
        {
            "x": -10.0,
            "y": -1.9999999999999982
        },
        {
            "x": -10.0,
            "y": -3.9999999999999973
        },
        {
            "x": -8.000000000000002,
            "y": -3.999999999999998
        }
    ]
}