{
    "triangle_list": [
        [
            0,
            1,
            2
        ],
        [
            2,
            3,
            0
        ]
    ],
    "vertex_list": [
        {
            "x": -0.9999999999999983,
            "y": 2.5
        },
        {
            "x": -0.9999999999999983,
            "y": 1.999999999999999
        },
        {
            "x": -0.49999999999999967,
            "y": 1.9999999999999984
        },
        {
            "x": -0.4999999999999996,
            "y": 2.5
        }
    ]
}