{
    "triangle_list": [
        [
            0,
            1,
            2
        ],
        [
            2,
            3,
            0
        ]
    ],
    "vertex_list": [
        {
            "x": 3.0,
            "y": -4.000000000000002
        },
        {
            "x": 2.9999999999999996,
            "y": -3.000000000000001
        },
        {
            "x": 2.000000000000001,
            "y": -3.000000000000001
        },
        {
            "x": 2.000000000000001,
            "y": -3.9999999999999996
        }
    ]
}