{
    "mesh": {
        "triangle_list": [
            [
                0,
                1,
                2
            ]
        ],
        "vertex_list": [
            {
                "x": 1.7499999999999996,
                "y": 3.0310889132455365
            },
            {
                "x": 3.500000000000001,
                "y": 2.0207259421636907
            },
            {
                "x": 3.500000000000001,
                "y": 6.06217782649107
            }
        ]
    }
}