{
    "triangle_list": [
        [
            0,
            1,
            2
        ],
        [
            2,
            3,
            0
        ]
    ],
    "vertex_list": [
        {
            "x": 1.5,
            "y": -0.5
        },
        {
            "x": 2.0,
            "y": 0.0
        },
        {
            "x": 1.5,
            "y": 0.5000000000000002
        },
        {
            "x": 1.0,
            "y": 3.6739403974420594e-16
        }
    ]
}