{
    "mesh": {
        "triangle_list": [
            [
                0,
                1,
                2
            ],
            [
                2,
                3,
                0
            ]
        ],
        "vertex_list": [
            {
                "x": -2.0,
                "y": -0.9999999999999999
            },
            {
                "x": -1.0,
                "y": 4.898587196589412e-16
            },
            {
                "x": -1.9999999999999998,
                "y": 1.0000000000000002
            },
            {
                "x": -3.0,
                "y": 3.6739403974420594e-16
            }
        ]
    }
}