{
    "mesh": {
        "triangle_list": [
            [
                0,
                1,
                2
            ],
            [
                2,
                3,
                0
            ]
        ],
        "vertex_list": [
            {
                "x": -4.000000000000001,
                "y": 4.000000000000001
            },
            {
                "x": -3.9999999999999996,
                "y": 2.999999999999999
            },
            {
                "x": -3.0000000000000004,
                "y": 3.0000000000000004
            },
            {
                "x": -3.000000000000001,
                "y": 3.9999999999999996
            }
        ]
    }
}