{
    "triangle_list": [
        [
            0,
            1,
            2
        ]
    ],
    "vertex_list": [
        {
            "x": -3.5000000000000013,
            "y": -2.0207259421636903
        },
        {
            "x": -3.500000000000003,
            "y": -6.0621778264910695
        },
        {
            "x": -1.7500000000000029,
            "y": -3.031088913245535
        }
    ]
}