{
    "triangle_list": [
        [
            0,
            1,
            2
        ],
        [
            2,
            3,
            0
        ]
    ],
    "vertex_list": [
        {
            "x": 2.5966838485410273,
            "y": 2.5046352364995816
        },
        {
            "x": 3.1844691008334998,
            "y": 1.6956182421246342
        },
        {
            "x": 3.5664351120836058,
            "y": 1.9731327935504093
        },
        {
            "x": 2.978649859791133,
            "y": 2.7821497879253565
        }
    ]
}