{
    "mesh": {
        "triangle_list": [
            [
                0,
                1,
                2
            ]
        ],
        "vertex_list": [
            {
                "x": -3.0,
                "y": -1.7320508075688772
            },
            {
                "x": -1.0,
                "y": -1.7320508075688772
            },
            {
                "x": -2.0,
                "y": 0.0
            }
        ]
    }
}