{
    "triangle_list": [
        [
            0,
            1,
            2
        ],
        [
            2,
            3,
            0
        ]
    ],
    "vertex_list": [
        {
            "x": -10.0,
            "y": -3.9999999999999973
        },
        {
            "x": -9.000000000000002,
            "y": -3.999999999999998
        },
        {
            "x": -9.0,
            "y": -2.9999999999999987
        },
        {
            "x": -10.0,
            "y": -3.0
        }
    ]
}