{
    "triangle_list": [
        [
            0,
            1,
            2
        ],
        [
            2,
            3,
            0
        ]
    ],
    "vertex_list": [
        {
            "x": 1.015124368228711,
            "y": 1.355565013482627
        },
        {
            "x": 1.6029096205211841,
            "y": 0.5465480191076797
        },
        {
            "x": 2.257418117708658,
            "y": 1.0220762772552565
        },
        {
            "x": 1.669632865416185,
            "y": 1.8310932716302033
        }
    ]
}