{
    "triangle_list": [
        [
            0,
            1,
            2
        ],
        [
            2,
            3,
            0
        ]
    ],
    "vertex_list": [
        {
            "x": 3.1844691008334998,
            "y": -1.695618242124635
        },
        {
            "x": 2.5966838485410264,
            "y": -2.5046352364995825
        },
        {
            "x": 2.978649859791131,
            "y": -2.7821497879253583
        },
        {
            "x": 3.5664351120836044,
            "y": -1.9731327935504106
        }
    ]
}