{
    "mesh": {
        "triangle_list": [
            [
                0,
                1,
                2
            ]
        ],
        "vertex_list": [
            {
                "x": -0.6339745962155611,
                "y": 1.3660254037844388
            },
            {
                "x": -1.0,
                "y": 1.0
            },
            {
                "x": -0.7320508075688782,
                "y": 1.0000000000000002
            }
        ]
    }
}