{
    "mesh": {
        "triangle_list": [
            [
                0,
                1,
                2
            ],
            [
                2,
                3,
                0
            ]
        ],
        "vertex_list": [
            {
                "x": 6.661338147750942e-16,
                "y": 3.000000000000001
            },
            {
                "x": -1.0000000000000004,
                "y": 3.0000000000000018
            },
            {
                "x": -1.0,
                "y": 2.0
            },
            {
                "x": 4.440892098500629e-16,
                "y": 2.000000000000001
            }
        ]
    }
}