{
    "triangle_list": [
        [
            0,
            1,
            2
        ],
        [
            2,
            3,
            0
        ]
    ],
    "vertex_list": [
        {
            "x": -0.024471741852423845,
            "y": 1.6933502657751003
        },
        {
            "x": -0.27447174185242407,
            "y": 2.4627711500689133
        },
        {
            "x": -1.2255282581475768,
            "y": 2.1537541556939663
        },
        {
            "x": -0.9755282581475765,
            "y": 1.3843332714001533
        }
    ]
}