{
    "triangle_list": [
        [
            0,
            1,
            2
        ],
        [
            2,
            3,
            0
        ]
    ],
    "vertex_list": [
        {
            "x": 1.8754521064585523,
            "y": 0.7445617258294804
        },
        {
            "x": 2.2574181177086574,
            "y": 1.0220762772552567
        },
        {
            "x": 1.6696328654161845,
            "y": 1.8310932716302042
        },
        {
            "x": 1.2876668541660794,
            "y": 1.553578720204428
        }
    ]
}