{
    "triangle_list": [
        [
            0,
            1,
            2
        ],
        [
            2,
            3,
            0
        ]
    ],
    "vertex_list": [
        {
            "x": -1.5796302243972615,
            "y": 3.2435679477020076
        },
        {
            "x": -0.6285737081021079,
            "y": 3.552584942076955
        },
        {
            "x": -0.7744717418524218,
            "y": 4.001612918656541
        },
        {
            "x": -1.7255282581475762,
            "y": 3.6925959242815933
        }
    ]
}