{
    "triangle_list": [
        [
            0,
            1,
            2
        ],
        [
            2,
            3,
            0
        ]
    ],
    "vertex_list": [
        {
            "x": -1.0000000000000004,
            "y": -2.5000000000000004
        },
        {
            "x": -0.5,
            "y": -2.5000000000000004
        },
        {
            "x": -0.49999999999999994,
            "y": -1.9999999999999998
        },
        {
            "x": -1.0,
            "y": -1.9999999999999996
        }
    ]
}