{
    "triangle_list": [
        [
            0,
            1,
            2
        ],
        [
            2,
            3,
            0
        ]
    ],
    "vertex_list": [
        {
            "x": 1.875452106458552,
            "y": -0.7445617258294812
        },
        {
            "x": 1.2876668541660792,
            "y": -1.5535787202044282
        },
        {
            "x": 1.669632865416184,
            "y": -1.8310932716302046
        },
        {
            "x": 2.2574181177086574,
            "y": -1.0220762772552567
        }
    ]
}