{
    "mesh": {
        "triangle_list": [
            [
                0,
                1,
                2
            ]
        ],
        "vertex_list": [
            {
                "x": 1.5000000000000004,
                "y": 0.866025403784439
            },
            {
                "x": 1.3660254037844388,
                "y": 0.6339745962155614
            },
            {
                "x": 1.6339745962155623,
                "y": 0.3660254037844379
            }
        ]
    }
}