{
    "triangle_list": [
        [
            0,
            1,
            2
        ],
        [
            0,
            2,
            3
        ]
    ],
    "vertex_list": [
        {
            "x": 3.0000000000000004,
            "y": 3.0000000000000004
        },
        {
            "x": 1.9999999999999998,
            "y": 3.0000000000000004
        },
        {
            "x": 1.9999999999999996,
            "y": 2.0
        },
        {
            "x": 3.0000000000000004,
            "y": 1.9999999999999991
        }
    ]
}