{
    "triangle_list": [
        [
            0,
            1,
            2
        ],
        [
            0,
            2,
            3
        ]
    ],
    "vertex_list": [
        {
            "x": -3.499999999999999,
            "y": 2.5
        },
        {
            "x": -3.9999999999999987,
            "y": 3.0
        },
        {
            "x": -4.499999999999999,
            "y": 2.5
        },
        {
            "x": -4.0,
            "y": 2.0
        }
    ]
}