{
    "mesh": {
        "triangle_list": [
            [
                0,
                1,
                2
            ],
            [
                2,
                3,
                0
            ]
        ],
        "vertex_list": [
            {
                "x": 4.0,
                "y": 2.500000000000001
            },
            {
                "x": 3.5,
                "y": 2.500000000000001
            },
            {
                "x": 3.4999999999999996,
                "y": 1.9999999999999993
            },
            {
                "x": 4.0,
                "y": 1.9999999999999996
            }
        ]
    }
}