{
    "triangle_list": [
        [
            0,
            1,
            2
        ],
        [
            2,
            3,
            0
        ]
    ],
    "vertex_list": [
        {
            "x": -1.079630224397261,
            "y": 1.7047261791143808
        },
        {
            "x": -0.12857370810210755,
            "y": 2.013743173489328
        },
        {
            "x": -0.2744717418524232,
            "y": 2.462771150068914
        },
        {
            "x": -1.2255282581475764,
            "y": 2.1537541556939663
        }
    ]
}