{
    "triangle_list": [
        [
            0,
            1,
            2
        ],
        [
            2,
            3,
            0
        ]
    ],
    "vertex_list": [
        {
            "x": -1.0796302243972615,
            "y": -1.7047261791143808
        },
        {
            "x": -0.12857370810210803,
            "y": -2.0137431734893285
        },
        {
            "x": -0.024471741852423283,
            "y": -1.6933502657750998
        },
        {
            "x": -0.9755282581475762,
            "y": -1.3843332714001533
        }
    ]
}