{
    "triangle_list": [
        [
            0,
            1,
            2
        ],
        [
            2,
            3,
            0
        ]
    ],
    "vertex_list": [
        {
            "x": -8.000000000000002,
            "y": 2.9999999999999987
        },
        {
            "x": -8.0,
            "y": 2.000000000000001
        },
        {
            "x": -4.000000000000001,
            "y": 2.000000000000001
        },
        {
            "x": -3.9999999999999996,
            "y": 2.999999999999999
        }
    ]
}