{
    "mesh": {
        "triangle_list": [
            [
                0,
                1,
                2
            ],
            [
                2,
                3,
                0
            ]
        ],
        "vertex_list": [
            {
                "x": 2.1213203435596424,
                "y": -0.7071067811865479
            },
            {
                "x": 1.4142135623730951,
                "y": -1.4142135623730951
            },
            {
                "x": 2.121320343559643,
                "y": -2.121320343559643
            },
            {
                "x": 2.82842712474619,
                "y": -1.4142135623730958
            }
        ]
    }
}