{
    "triangle_list": [
        [
            0,
            1,
            2
        ],
        [
            0,
            2,
            3
        ]
    ],
    "vertex_list": [
        {
            "x": -4.950000000000002,
            "y": -3.810511776651532
        },
        {
            "x": 4.95,
            "y": -3.810511776651532
        },
        {
            "x": 4.95,
            "y": 3.8105117766515306
        },
        {
            "x": -4.950000000000002,
            "y": 3.8105117766515306
        }
    ]
}