{
    "mesh": {
        "triangle_list": [
            [
                0,
                1,
                2
            ],
            [
                2,
                3,
                0
            ]
        ],
        "vertex_list": [
            {
                "x": -0.6285737081021096,
                "y": -3.5525849420769546
            },
            {
                "x": -1.5796302243972629,
                "y": -3.243567947702007
            },
            {
                "x": -1.7255282581475786,
                "y": -3.6925959242815924
            },
            {
                "x": -0.7744717418524254,
                "y": -4.00161291865654
            }
        ]
    }
}