{
    "triangle_list": [
        [
            0,
            1,
            2
        ],
        [
            2,
            3,
            0
        ]
    ],
    "vertex_list": [
        {
            "x": 1.9999999999999996,
            "y": -2.5
        },
        {
            "x": 2.5000000000000004,
            "y": -2.5
        },
        {
            "x": 2.5000000000000004,
            "y": -1.9999999999999998
        },
        {
            "x": 2.0,
            "y": -1.9999999999999996
        }
    ]
}