{
    "mesh_list": [
        {
            "file": "Puzzle4_CaptureMesh0.json",
            "symmetry_list": [
                {
                    "linear_transform": {
                        "x_axis": {
                            "x": 0.3090169943749474,
                            "y": -0.9510565162951534
                        },
                        "y_axis": {
                            "x": 0.9510565162951534,
                            "y": 0.3090169943749476
                        }
                    },
                    "translation": {
                        "x": -3.7440985343877725e-16,
                        "y": 1.3646480187029526e-16
                    }
                },
                {
                    "linear_transform": {
                        "x_axis": {
                            "x": 0.3090169943749474,
                            "y": 0.9510565162951534
                        },
                        "y_axis": {
                            "x": -0.9510565162951534,
                            "y": 0.3090169943749476
                        }
                    },
                    "translation": {
                        "x": -1.110223024625157e-16,
                        "y": 5.489745526113875e-17
                    }
                },
                {
                    "linear_transform": {
                        "x_axis": {
                            "x": 1.0,
                            "y": -1.8888242266968722e-16
                        },
                        "y_axis": {
                            "x": -1.8888242266968722e-16,
                            "y": -1.0
                        }
                    },
                    "translation": {
                        "x": 0.0,
                        "y": 2.7694206018617003e-16
                    }
                },
                {
                    "linear_transform": {
                        "x_axis": {
                            "x": 0.30901699437494723,
                            "y": -0.9510565162951535
                        },
                        "y_axis": {
                            "x": -0.9510565162951535,
                            "y": -0.30901699437494745
                        }
                    },
                    "translation": {
                        "x": -1.1102230246251565e-16,
                        "y": 2.220446049250313e-16
                    }
                },
                {
                    "linear_transform": {
                        "x_axis": {
                            "x": -0.8090169943749475,
                            "y": -0.5877852522924729
                        },
                        "y_axis": {
                            "x": -0.5877852522924729,
                            "y": 0.8090169943749472
                        }
                    },
                    "translation": {
                        "x": 2.7755575615628914e-16,
                        "y": -2.220446049250313e-16
                    }
                },
                {
                    "linear_transform": {
                        "x_axis": {
                            "x": -0.8090169943749475,
                            "y": 0.5877852522924731
                        },
                        "y_axis": {
                            "x": 0.5877852522924731,
                            "y": 0.8090169943749472
                        }
                    },
                    "translation": {
                        "x": -2.7755575615628914e-16,
                        "y": 2.220446049250313e-16
                    }
                },
                {
                    "linear_transform": {
                        "x_axis": {
                            "x": 0.3090169943749479,
                            "y": 0.9510565162951534
                        },
                        "y_axis": {
                            "x": 0.9510565162951534,
                            "y": -0.3090169943749479
                        }
                    },
                    "translation": {
                        "x": 0.0,
                        "y": -2.220446049250313e-16
                    }
                }
            ],
            "type": "capture_mesh"
        },
        {
            "file": "Puzzle4_CaptureMesh1.json",
            "symmetry_list": [
                {
                    "linear_transform": {
                        "x_axis": {
                            "x": 0.30901699437494745,
                            "y": -0.9510565162951534
                        },
                        "y_axis": {
                            "x": 0.9510565162951534,
                            "y": 0.3090169943749477
                        }
                    },
                    "translation": {
                        "x": 1.0345523463674849e-16,
                        "y": 1.6267361226999126e-16
                    }
                },
                {
                    "linear_transform": {
                        "x_axis": {
                            "x": 0.30901699437494745,
                            "y": 0.9510565162951534
                        },
                        "y_axis": {
                            "x": -0.9510565162951534,
                            "y": 0.3090169943749477
                        }
                    },
                    "translation": {
                        "x": -5.551115123125785e-17,
                        "y": -2.7816945212640824e-16
                    }
                },
                {
                    "linear_transform": {
                        "x_axis": {
                            "x": 1.0,
                            "y": -2.518432302262496e-16
                        },
                        "y_axis": {
                            "x": -2.518432302262496e-16,
                            "y": -1.0
                        }
                    },
                    "translation": {
                        "x": 0.0,
                        "y": -1.6714714966389258e-16
                    }
                },
                {
                    "linear_transform": {
                        "x_axis": {
                            "x": 0.30901699437494723,
                            "y": -0.9510565162951535
                        },
                        "y_axis": {
                            "x": -0.9510565162951535,
                            "y": -0.30901699437494745
                        }
                    },
                    "translation": {
                        "x": -5.551115123125783e-17,
                        "y": 1.1102230246251565e-16
                    }
                },
                {
                    "linear_transform": {
                        "x_axis": {
                            "x": -0.8090169943749475,
                            "y": -0.5877852522924731
                        },
                        "y_axis": {
                            "x": -0.5877852522924731,
                            "y": 0.8090169943749477
                        }
                    },
                    "translation": {
                        "x": -5.551115123125783e-17,
                        "y": 2.220446049250313e-16
                    }
                },
                {
                    "linear_transform": {
                        "x_axis": {
                            "x": 0.30901699437494745,
                            "y": 0.9510565162951536
                        },
                        "y_axis": {
                            "x": 0.9510565162951536,
                            "y": -0.30901699437494745
                        }
                    },
                    "translation": {
                        "x": 0.0,