{
    "mesh": {
        "triangle_list": [
            [
                0,
                1,
                2
            ],
            [
                2,
                3,
                0
            ]
        ],
        "vertex_list": [
            {
                "x": 1.8477590650225737,
                "y": 0.7653668647301789
            },
            {
                "x": 2.7716385975338604,
                "y": 1.1480502970952684
            },
            {
                "x": 1.1480502970952695,
                "y": 2.77163859753386
            },
            {
                "x": 0.7653668647301797,
                "y": 1.8477590650225735
            }
        ]
    }
}