{
    "mesh": {
        "triangle_list": [
            [
                0,
                1,
                2
            ],
            [
                2,
                3,
                0
            ]
        ],
        "vertex_list": [
            {
                "x": 0.38268343236508956,
                "y": -0.923879532511287
            },
            {
                "x": -0.38268343236508995,
                "y": -0.9238795325112867
            },
            {
                "x": -0.7653668647301799,
                "y": -1.8477590650225735
            },
            {
                "x": 0.7653668647301791,
                "y": -1.847759065022574
            }
        ]
    }
}