{
    "mesh": {
        "triangle_list": [
            [
                0,
                1,
                2
            ],
            [
                2,
                3,
                0
            ]
        ],
        "vertex_list": [
            {
                "x": -8.999999999999998,
                "y": 2.000000000000001
            },
            {
                "x": -8.999999999999998,
                "y": -2.000000000000001
            },
            {
                "x": -8.000000000000002,
                "y": -2.000000000000001
            },
            {
                "x": -8.0,
                "y": 2.000000000000001
            }
        ]
    }
}