{
    "triangle_list": [
        [
            0,
            1,
            2
        ],
        [
            2,
            3,
            0
        ]
    ],
    "vertex_list": [
        {
            "x": -2.9999999999999987,
            "y": -0.8660254037844395
        },
        {
            "x": -4.500000000000001,
            "y": -1.732050807568879
        },
        {
            "x": -4.500000000000002,
            "y": -3.464101615137754
        },
        {
            "x": -2.9999999999999982,
            "y": -2.5980762113533133
        }
    ]
}