{
    "triangle_list": [
        [
            0,
            1,
            2
        ],
        [
            2,
            3,
            0
        ]
    ],
    "vertex_list": [
        {
            "x": 2.5000000000000004,
            "y": -2.0000000000000004
        },
        {
            "x": 1.999999999999999,
            "y": -2.0000000000000004
        },
        {
            "x": 1.999999999999999,
            "y": -2.4999999999999996
        },
        {
            "x": 2.5,
            "y": -2.5
        }
    ]
}