{
    "triangle_list": [
        [
            0,
            1,
            2
        ],
        [
            2,
            3,
            0
        ]
    ],
    "vertex_list": [
        {
            "x": 9.999999999999998,
            "y": 2.9999999999999973
        },
        {
            "x": 9.999999999999998,
            "y": 3.9999999999999956
        },
        {
            "x": 9.0,
            "y": 3.9999999999999982
        },
        {
            "x": 9.0,
            "y": 2.999999999999998
        }
    ]
}