{
    "mesh": {
        "triangle_list": [
            [
                0,
                1,
                2
            ],
            [
                2,
                3,
                0
            ]
        ],
        "vertex_list": [
            {
                "x": 1.1480502970952695,
                "y": 2.77163859753386
            },
            {
                "x": 2.7716385975338604,
                "y": 1.1480502970952684
            },
            {
                "x": 3.6955181300451474,
                "y": 1.5307337294603578
            },
            {
                "x": 1.5307337294603593,
                "y": 3.695518130045147
            }
        ]
    }
}