{
    "triangle_list": [
        [
            0,
            1,
            2
        ],
        [
            2,
            3,
            0
        ]
    ],
    "vertex_list": [
        {
            "x": 1.2876668541660796,
            "y": 1.553578720204428
        },
        {
            "x": 1.8754521064585525,
            "y": 0.7445617258294803
        },
        {
            "x": 2.2574181177086583,
            "y": 1.0220762772552558
        },
        {
            "x": 1.6696328654161847,
            "y": 1.8310932716302037
        }
    ]
}