{
    "mesh": {
        "triangle_list": [
            [
                0,
                1,
                2
            ],
            [
                2,
                3,
                0
            ]
        ],
        "vertex_list": [
            {
                "x": 3.0000000000000013,
                "y": 2.0
            },
            {
                "x": 2.0,
                "y": 2.0
            },
            {
                "x": 2.0,
                "y": 1.0
            },
            {
                "x": 3.0000000000000013,
                "y": 1.0000000000000009
            }
        ]
    }
}