{
    "mesh": {
        "triangle_list": [
            [
                0,
                1,
                2
            ]
        ],
        "vertex_list": [
            {
                "x": 0.6339745962155618,
                "y": 1.3660254037844384
            },
            {
                "x": 2.220446049250313e-16,
                "y": 1.0
            },
            {
                "x": 0.7320508075688784,
                "y": 1.0
            }
        ]
    }
}