{
    "triangle_list": [
        [
            0,
            1,
            2
        ],
        [
            0,
            2,
            3
        ]
    ],
    "vertex_list": [
        {
            "x": -6.5,
            "y": 0.5000000000000007
        },
        {
            "x": -7.0,
            "y": 1.102182119232618e-15
        },
        {
            "x": -6.5,
            "y": -0.49999999999999944
        },
        {
            "x": -6.0,
            "y": 4.898587196589413e-16
        }
    ]
}