{
    "triangle_list": [
        [
            0,
            1,
            2
        ],
        [
            2,
            3,
            0
        ]
    ],
    "vertex_list": [
        {
            "x": 0.4999999999999996,
            "y": -1.5
        },
        {
            "x": -7.004609471317529e-16,
            "y": -1.0
        },
        {
            "x": -0.5000000000000007,
            "y": -1.4999999999999996
        },
        {
            "x": -3.6739403974420594e-16,
            "y": -2.0
        }
    ]
}