{
    "mesh": {
        "triangle_list": [
            [
                0,
                1,
                2
            ]
        ],
        "vertex_list": [
            {
                "x": 1.3660254037844388,
                "y": 0.6339745962155614
            },
            {
                "x": 1.0,
                "y": 0.7320508075688783
            },
            {
                "x": 1.0,
                "y": 0.0
            }
        ]
    }
}