{
    "triangle_list": [
        [
            0,
            1,
            2
        ],
        [
            2,
            3,
            0
        ]
    ],
    "vertex_list": [
        {
            "x": 1.8754521064585523,
            "y": 0.744561725829481
        },
        {
            "x": 1.2876668541660794,
            "y": 1.5535787202044282
        },
        {
            "x": 1.0151243682287108,
            "y": 1.3555650134826271
        },
        {
            "x": 1.6029096205211837,
            "y": 0.5465480191076804
        }
    ]
}