{
    "triangle_list": [
        [
            0,
            1,
            2
        ]
    ],
    "vertex_list": [
        {
            "x": 3.500000000000001,
            "y": 0.0
        },
        {
            "x": 3.500000000000001,
            "y": -2.0207259421636943
        },
        {
            "x": 7.0,
            "y": 0.0
        }
    ]
}