{
    "triangle_list": [
        [
            0,
            1,
            2
        ],
        [
            2,
            3,
            0
        ]
    ],
    "vertex_list": [
        {
            "x": 2.9119266148961316,
            "y": 1.4976045354028331
        },
        {
            "x": 3.1844691008334993,
            "y": 1.6956182421246344
        },
        {
            "x": 2.596683848541026,
            "y": 2.504635236499582
        },
        {
            "x": 2.3241413626036582,
            "y": 2.3066215297777806
        }
    ]
}