{
    "triangle_list": [
        [
            0,
            1,
            2
        ],
        [
            2,
            3,
            0
        ]
    ],
    "vertex_list": [
        {
            "x": 2.500000000000001,
            "y": 0.9999999999999978
        },
        {
            "x": 1.9999999999999998,
            "y": 0.999999999999998
        },
        {
            "x": 1.9999999999999993,
            "y": 0.4999999999999991
        },
        {
            "x": 2.500000000000001,
            "y": 0.499999999999999
        }
    ]
}