{
    "triangle_list": [
        [
            0,
            1,
            2
        ],
        [
            2,
            3,
            0
        ]
    ],
    "vertex_list": [
        {
            "x": 1.2876668541660794,
            "y": -1.5535787202044282
        },
        {
            "x": 1.8754521064585525,
            "y": -0.744561725829481
        },
        {
            "x": 1.602909620521184,
            "y": -0.5465480191076797
        },
        {
            "x": 1.0151243682287108,
            "y": -1.355565013482627
        }
    ]
}