{
    "mesh": {
        "triangle_list": [
            [
                0,
                1,
                2
            ],
            [
                2,
                3,
                0
            ]
        ],
        "vertex_list": [
            {
                "x": 2.8284271247461907,
                "y": 1.414213562373095
            },
            {
                "x": 2.121320343559643,
                "y": 2.121320343559643
            },
            {
                "x": 1.4142135623730945,
                "y": 1.4142135623730945
            },
            {
                "x": 2.1213203435596424,
                "y": 0.707106781186547
            }
        ]
    }
}