{
    "triangle_list": [
        [
            0,
            1,
            2
        ],
        [
            2,
            3,
            0
        ]
    ],
    "vertex_list": [
        {
            "x": 10.0,
            "y": 2.000000000000001
        },
        {
            "x": 10.0,
            "y": 2.999999999999999
        },
        {
            "x": 9.0,
            "y": 3.0000000000000004
        },
        {
            "x": 9.0,
            "y": 2.000000000000001
        }
    ]
}