{
    "triangle_list": [
        [
            0,
            1,
            2
        ],
        [
            0,
            2,
            3
        ]
    ],
    "vertex_list": [
        {
            "x": 3.0000000000000004,
            "y": 3.0000000000000004
        },
        {
            "x": -3.0000000000000004,
            "y": 3.0000000000000004
        },
        {
            "x": -3.000000000000001,
            "y": -3.0
        },
        {
            "x": 3.0,
            "y": -3.000000000000001
        }
    ]
}