{
    "triangle_list": [
        [
            0,
            1,
            2
        ],
        [
            2,
            3,
            0
        ]
    ],
    "vertex_list": [
        {
            "x": -0.12857370810210797,
            "y": -2.0137431734893276
        },
        {
            "x": -0.024471741852424733,
            "y": -1.6933502657751
        },
        {
            "x": -0.9755282581475785,
            "y": -1.3843332714001524
        },
        {
            "x": -1.0796302243972609,
            "y": -1.7047261791143802
        }
    ]
}