{
    "triangle_list": [
        [
            0,
            1,
            2
        ],
        [
            2,
            3,
            0
        ]
    ],
    "vertex_list": [
        {
            "x": -0.49999999999999983,
            "y": 1.5
        },
        {
            "x": 3.6739403974420594e-16,
            "y": 1.0000000000000002
        },
        {
            "x": 0.5000000000000002,
            "y": 1.5
        },
        {
            "x": 1.2246467991473532e-16,
            "y": 2.0
        }
    ]
}