{
    "mesh": {
        "triangle_list": [
            [
                0,
                1,
                2
            ],
            [
                2,
                3,
                0
            ]
        ],
        "vertex_list": [
            {
                "x": 4.0,
                "y": 2.0000000000000004
            },
            {
                "x": 4.0,
                "y": 2.9999999999999996
            },
            {
                "x": 3.0,
                "y": 3.0
            },
            {
                "x": 3.0,
                "y": 2.0
            }
        ]
    }
}