{
    "triangle_list": [
        [
            0,
            1,
            2
        ],
        [
            2,
            3,
            0
        ]
    ],
    "vertex_list": [
        {
            "x": -0.9999999999999983,
            "y": 2.500000000000001
        },
        {
            "x": -0.9999999999999981,
            "y": 1.9999999999999998
        },
        {
            "x": -0.4999999999999995,
            "y": 1.9999999999999998
        },
        {
            "x": -0.4999999999999995,
            "y": 2.5000000000000004
        }
    ]
}