{
    "triangle_list": [
        [
            0,
            1,
            2
        ],
        [
            2,
            3,
            0
        ]
    ],
    "vertex_list": [
        {
            "x": 2.0,
            "y": -8.000000000000002
        },
        {
            "x": 2.0000000000000027,
            "y": -8.999999999999998
        },
        {
            "x": 2.9999999999999996,
            "y": -9.000000000000002
        },
        {
            "x": 3.000000000000001,
            "y": -8.0
        }
    ]
}