{
    "mesh": {
        "triangle_list": [
            [
                0,
                1,
                2
            ],
            [
                2,
                3,
                0
            ]
        ],
        "vertex_list": [
            {
                "x": 0.9238795325112868,
                "y": 0.38268343236508945
            },
            {
                "x": 1.8477590650225737,
                "y": 0.7653668647301789
            },
            {
                "x": 0.7653668647301797,
                "y": 1.8477590650225735
            },
            {
                "x": 0.38268343236508984,
                "y": 0.9238795325112867
            }
        ]
    }
}