{
    "mesh": {
        "triangle_list": [
            [
                0,
                1,
                2
            ],
            [
                2,
                3,
                0
            ]
        ],
        "vertex_list": [
            {
                "x": 2.9119266148961316,
                "y": 1.4976045354028333
            },
            {
                "x": 3.566435112083605,
                "y": 1.97313279355041
            },
            {
                "x": 2.978649859791132,
                "y": 2.7821497879253574
            },
            {
                "x": 2.3241413626036587,
                "y": 2.3066215297777806
            }
        ]
    }
}