{
    "mesh": {
        "triangle_list": [
            [
                0,
                1,
                2
            ],
            [
                2,
                3,
                0
            ]
        ],
        "vertex_list": [
            {
                "x": -9.0,
                "y": -2.999999999999998
            },
            {
                "x": -8.0,
                "y": -2.9999999999999982
            },
            {
                "x": -8.0,
                "y": -1.9999999999999964
            },
            {
                "x": -8.999999999999998,
                "y": -2.000000000000002
            }
        ]
    }
}