{
    "triangle_list": [
        [
            0,
            1,
            2
        ],
        [
            2,
            3,
            0
        ]
    ],
    "vertex_list": [
        {
            "x": 0.5000000000000002,
            "y": 1.5
        },
        {
            "x": 1.2246467991473532e-16,
            "y": 2.0
        },
        {
            "x": -0.5000000000000001,
            "y": 1.5
        },
        {
            "x": -3.0616169978683826e-16,
            "y": 1.0
        }
    ]
}