{
    "triangle_list": [
        [
            0,
            1,
            2
        ],
        [
            2,
            3,
            0
        ]
    ],
    "vertex_list": [
        {
            "x": 2.5,
            "y": 3.4999999999999996
        },
        {
            "x": 2.5,
            "y": 4.0
        },
        {
            "x": 1.9999999999999998,
            "y": 4.0
        },
        {
            "x": 1.9999999999999998,
            "y": 3.4999999999999996
        }
    ]
}