{
    "triangle_list": [
        [
            0,
            1,
            2
        ],
        [
            2,
            3,
            0
        ]
    ],
    "vertex_list": [
        {
            "x": 1.0,
            "y": 1.0
        },
        {
            "x": 1.0000000000000002,
            "y": 0.0
        },
        {
            "x": 2.0000000000000004,
            "y": 0.0
        },
        {
            "x": 2.0,
            "y": 1.0
        }
    ]
}