{
    "triangle_list": [
        [
            0,
            1,
            2
        ],
        [
            2,
            3,
            0
        ]
    ],
    "vertex_list": [
        {
            "x": 0.999999999999999,
            "y": 2.5000000000000004
        },
        {
            "x": 0.5,
            "y": 2.5
        },
        {
            "x": 0.4999999999999999,
            "y": 1.9999999999999996
        },
        {
            "x": 0.9999999999999986,
            "y": 1.9999999999999993
        }
    ]
}