{
    "mesh": {
        "triangle_list": [
            [
                0,
                1,
                2
            ],
            [
                2,
                3,
                0
            ]
        ],
        "vertex_list": [
            {
                "x": -0.9755282581475764,
                "y": 1.3843332714001528
            },
            {
                "x": -0.02447174185242318,
                "y": 1.6933502657751003
            },
            {
                "x": -0.27447174185242296,
                "y": 2.462771150068914
            },
            {
                "x": -1.2255282581475764,
                "y": 2.1537541556939663
            }
        ]
    }
}