{
    "mesh": {
        "triangle_list": [
            [
                0,
                1,
                2
            ],
            [
                2,
                3,
                0
            ]
        ],
        "vertex_list": [
            {
                "x": 1.8477590650225733,
                "y": -0.76536686473018
            },
            {
                "x": 0.7653668647301791,
                "y": -1.847759065022574
            },
            {
                "x": 1.1480502970952688,
                "y": -2.771638597533861
            },
            {
                "x": 2.77163859753386,
                "y": -1.14805029709527
            }
        ]
    }
}