{
    "mesh": {
        "triangle_list": [
            [
                0,
                1,
                2
            ]
        ],
        "vertex_list": [
            {
                "x": 0.633974596215561,
                "y": -1.3660254037844388
            },
            {
                "x": 0.732050807568878,
                "y": -1.0
            },
            {
                "x": -4.440892098500626e-16,
                "y": -0.9999999999999998
            }
        ]
    }
}