{
    "mesh": {
        "triangle_list": [
            [
                0,
                1,
                2
            ]
        ],
        "vertex_list": [
            {
                "x": -7.0,
                "y": 8.572527594031472e-16
            },
            {
                "x": -3.5000000000000013,
                "y": -2.0207259421636903
            },
            {
                "x": -3.500000000000001,
                "y": 5.715018396020981e-16
            }
        ]
    }
}