{
    "mesh": {
        "triangle_list": [
            [
                0,
                1,
                2
            ]
        ],
        "vertex_list": [
            {
                "x": -3.4999999999999982,
                "y": 6.062177826491071
            },
            {
                "x": -7.0,
                "y": 8.572527594031472e-16
            },
            {
                "x": -3.5,
                "y": 2.0207259421636916
            }
        ]
    }
}