{
    "mesh": {
        "triangle_list": [
            [
                0,
                1,
                2
            ],
            [
                2,
                3,
                0
            ]
        ],
        "vertex_list": [
            {
                "x": 1.0000000000000004,
                "y": 1.9999999999999998
            },
            {
                "x": 1.8369701987210297e-16,
                "y": 3.0
            },
            {
                "x": -1.0,
                "y": 2.0
            },
            {
                "x": -2.678141147339099e-16,
                "y": 1.0
            }
        ]
    }
}