{
    "mesh": {
        "triangle_list": [
            [
                0,
                1,
                2
            ],
            [
                2,
                3,
                0
            ]
        ],
        "vertex_list": [
            {
                "x": -0.49999999999999967,
                "y": 0.9999999999999998
            },
            {
                "x": -0.999999999999999,
                "y": 0.9999999999999988
            },
            {
                "x": -0.999999999999999,
                "y": 0.4999999999999995
            },
            {
                "x": -0.4999999999999997,
                "y": 0.4999999999999994
            }
        ]
    }
}