{
    "triangle_list": [
        [
            0,
            1,
            2
        ],
        [
            2,
            3,
            0
        ]
    ],
    "vertex_list": [
        {
            "x": -1.0796302243972613,
            "y": 1.7047261791143806
        },
        {
            "x": -0.9755282581475765,
            "y": 1.3843332714001533
        },
        {
            "x": -0.02447174185242318,
            "y": 1.6933502657751003
        },
        {
            "x": -0.12857370810210803,
            "y": 2.0137431734893276
        }
    ]
}