{
    "mesh": {
        "triangle_list": [
            [
                0,
                1,
                2
            ]
        ],
        "vertex_list": [
            {
                "x": 2.499999999999999,
                "y": 1.8660254037844388
            },
            {
                "x": 2.133974596215561,
                "y": 1.9641016151377546
            },
            {
                "x": 2.0,
                "y": 1.7320508075688772
            }
        ]
    }
}