{
    "mesh": {
        "triangle_list": [
            [
                0,
                1,
                2
            ]
        ],
        "vertex_list": [
            {
                "x": -0.633974596215561,
                "y": 1.366025403784439
            },
            {
                "x": -0.7320508075688783,
                "y": 1.0
            },
            {
                "x": 0.0,
                "y": 1.0000000000000002
            }
        ]
    }
}