{
    "mesh": {
        "triangle_list": [
            [
                0,
                1,
                2
            ],
            [
                2,
                3,
                0
            ]
        ],
        "vertex_list": [
            {
                "x": -0.5,
                "y": 0.5
            },
            {
                "x": -1.6180339887498947,
                "y": 0.5000000000000001
            },
            {
                "x": -1.618033988749895,
                "y": -0.4999999999999999
            },
            {
                "x": -0.5,
                "y": -0.5
            }
        ]
    }
}