{
    "triangle_list": [
        [
            0,
            1,
            2
        ],
        [
            2,
            3,
            0
        ]
    ],
    "vertex_list": [
        {
            "x": -1.5,
            "y": 1.3322676295501878e-15
        },
        {
            "x": 0.0,
            "y": -0.8660254037844384
        },
        {
            "x": 1.5,
            "y": 0.0
        },
        {
            "x": -1.1102230246251565e-15,
            "y": 0.8660254037844395
        }
    ]
}