{
    "mesh": {
        "triangle_list": [
            [
                0,
                1,
                2
            ],
            [
                2,
                3,
                0
            ]
        ],
        "vertex_list": [
            {
                "x": 4.440892098500626e-16,
                "y": -1.0
            },
            {
                "x": -1.0,
                "y": -1.0
            },
            {
                "x": -1.0,
                "y": -2.0
            },
            {
                "x": -2.220446049250313e-16,
                "y": -2.0
            }
        ]
    }
}