{
    "triangle_list": [
        [
            0,
            1,
            2
        ],
        [
            2,
            3,
            0
        ]
    ],
    "vertex_list": [
        {
            "x": 2.4999999999999996,
            "y": -1.0000000000000009
        },
        {
            "x": 2.5,
            "y": -0.5000000000000017
        },
        {
            "x": 1.9999999999999984,
            "y": -0.5000000000000014
        },
        {
            "x": 1.9999999999999984,
            "y": -1.0000000000000004
        }
    ]
}