{
    "mesh_list": [
        {
            "file": "Puzzle5_CaptureMesh0.json",
            "permutation_list": [],
            "symmetry_list": [
                {
                    "linear_transform": {
                        "x_axis": {
                            "x": 0.30901699437494773,
                            "y": -0.9510565162951535
                        },
                        "y_axis": {
                            "x": 0.9510565162951535,
                            "y": 0.30901699437494773
                        }
                    },
                    "translation": {
                        "x": 4.1940322918973475e-32,
                        "y": 4.989866651112013e-16
                    }
                },
                {
                    "linear_transform": {
                        "x_axis": {
                            "x": 0.30901699437494773,
                            "y": 0.9510565162951535
                        },
                        "y_axis": {
                            "x": -0.9510565162951535,
                            "y": 0.30901699437494773
                        }
                    },
                    "translation": {
                        "x": 2.633875509762616e-16,
                        "y": -3.076244079797675e-16
                    }
                },
                {
                    "linear_transform": {
                        "x_axis": {
                            "x": 1.0,
                            "y": -1.8888242266968722e-16
                        },
                        "y_axis": {
                            "x": -1.8888242266968722e-16,
                            "y": -1.0
                        }
                    },
                    "translation": {
                        "x": 0.0,
                        "y": 2.7694206018617003e-16
                    }
                },
                {
                    "linear_transform": {
                        "x_axis": {
                            "x": 0.3090169943749479,
                            "y": 0.9510565162951534
                        },
                        "y_axis": {
                            "x": 0.9510565162951534,
                            "y": -0.3090169943749479
                        }
                    },
                    "translation": {
                        "x": 0.0,
                        "y": -2.220446049250313e-16
                    }
                },
                {
                    "linear_transform": {
                        "x_axis": {
                            "x": -0.8090169943749475,
                            "y": 0.5877852522924731
                        },
                        "y_axis": {
                            "x": 0.5877852522924731,
                            "y": 0.8090169943749472
                        }
                    },
                    "translation": {
                        "x": -2.7755575615628914e-16,
                        "y": 2.220446049250313e-16
                    }
                },
                {
                    "linear_transform": {
                        "x_axis": {
                            "x": -0.8090169943749475,
                            "y": -0.5877852522924729
                        },
                        "y_axis": {
                            "x": -0.5877852522924729,
                            "y": 0.8090169943749472
                        }
                    },
                    "translation": {
                        "x": 2.7755575615628914e-16,
                        "y": -2.220446049250313e-16
                    }
                },
                {
                    "linear_transform": {
                        "x_axis": {
                            "x": 0.30901699437494723,
                            "y": -0.9510565162951535
                        },
                        "y_axis": {
                            "x": -0.9510565162951535,
                            "y": -0.30901699437494745
                        }
                    },
                    "translation": {
                        "x": -1.1102230246251565e-16,
                        "y": 2.220446049250313e-16
                    }
                }
            ],
            "type": "capture_mesh"
        },
        {
            "file": "Puzzle5_CaptureMesh1.json",
            "permutation_list": [],
            "symmetry_list": [
                {
                    "linear_transform": {
                        "x_axis": {
                            "x": 0.30901699437494723,
                            "y": -0.9510565162951538
                        },
                        "y_axis": {
                            "x": 0.9510565162951538,
                            "y": 0.30901699437494723
                        }
                    },
                    "translation": {
                        "x": 1.118408611172626e-31,
                        "y": 2.7694206018617003e-16
                    }
                },
                {
                    "linear_transform": {
                        "x_axis": {
                            "x": 0.30901699437494723,
                            "y": 0.9510565162951538
                        },
                        "y_axis": {
                            "x": -0.9510565162951538,
                            "y": 0.30901699437494723
                        }
                    },
                    "translation": {
                        "x": -1.5896638586800634e-16,
                        "y": -3.92437900042587e-16
                    }
                },
                {
                    "linear_transform": {
                        "x_axis": {
                            "x": 1.0,
                            "y": -2.518432302262496e-16
                        },
                        "y_axis": {
                            "x": -2.518432302262496e-16,
                            "y": -1.0
                        }
                    },
                    "translation": {
                        "x": 0.0,
                        "y": -1.6714714966389258e-16
                    }
                },
                {
                    "linear_transform": {
                        "x_axis": {
                            "x": 0.30901699437494745,
                            "y": 0.9510565162951536
                        },
                        "y_axis": {
                            "x": 0.9510565162951536,
                            "y": -0.30901699437494745
                        }
                    },
                    "translation": {
                        "x": 0.0,
                        "y": -4.440892098500626e-16
                    }
                },
                {
                    "linear_transform": {
                        "x_axis": {
                            "x": -0.8090169943749472,
                            "y": 0.5877852522924734
                        },
                        "y_axis": {
                            "x": 0.5877852522924734,
                            "y": 0.8090169943749472
                        }
                    },
                    "translation": {
                        "x": -2.220446049250313e-16,
                        "y": 0.0
                    }
                },
                {
                    "linear_transform": {
                        "x_axis": {
                            "x": -0.8090169943749475,
                            "y": -0.5877852522924731
                        },
                        "y_axis": {
                            "x": -0.5877852522924731,
                            "y": 0.8090169943749477
                        }
                    },
                    "translation": {
                        "x": -5.551115123125783e-17,