{
    "triangle_list": [
        [
            0,
            1,
            2
        ],
        [
            2,
            3,
            0
        ]
    ],
    "vertex_list": [
        {
            "x": 1.8754521064585525,
            "y": -0.744561725829481
        },
        {
            "x": 1.2876668541660794,
            "y": -1.5535787202044282
        },
        {
            "x": 1.6696328654161843,
            "y": -1.8310932716302042
        },
        {
            "x": 2.2574181177086574,
            "y": -1.0220762772552567
        }
    ]
}