{
    "triangle_list": [
        [
            0,
            1,
            2
        ],
        [
            2,
            3,
            0
        ]
    ],
    "vertex_list": [
        {
            "x": -0.975528258147578,
            "y": -1.3843332714001526
        },
        {
            "x": -1.2255282581475782,
            "y": -2.153754155693966
        },
        {
            "x": -0.2744717418524245,
            "y": -2.462771150068914
        },
        {
            "x": -0.0244717418524244,
            "y": -1.6933502657751003
        }
    ]
}