{
    "triangle_list": [
        [
            0,
            1,
            2
        ],
        [
            2,
            3,
            0
        ]
    ],
    "vertex_list": [
        {
            "x": 3.000000000000001,
            "y": 0.8660254037844384
        },
        {
            "x": 4.499999999999999,
            "y": 1.732050807568874
        },
        {
            "x": 4.5,
            "y": 3.4641016151377544
        },
        {
            "x": 3.0000000000000036,
            "y": 2.5980762113533182
        }
    ]
}