{
    "mesh": {
        "triangle_list": [
            [
                0,
                1,
                2
            ]
        ],
        "vertex_list": [
            {
                "x": 1.77635683940025e-15,
                "y": -4.041451884327381
            },
            {
                "x": -1.7499999999999993,
                "y": -3.031088913245535
            },
            {
                "x": -3.500000000000003,
                "y": -6.0621778264910695
            }
        ]
    }
}