{
    "triangle_list": [
        [
            0,
            1,
            2
        ],
        [
            2,
            3,
            0
        ]
    ],
    "vertex_list": [
        {
            "x": -2.5,
            "y": 1.9999999999999996
        },
        {
            "x": -1.9999999999999996,
            "y": 2.0
        },
        {
            "x": -1.9999999999999998,
            "y": 2.5000000000000004
        },
        {
            "x": -2.5,
            "y": 2.5000000000000004
        }
    ]
}