{
    "mesh": {
        "triangle_list": [
            [
                0,
                1,
                2
            ],
            [
                2,
                3,
                0
            ]
        ],
        "vertex_list": [
            {
                "x": -3.500000000000003,
                "y": -2.0207259421636885
            },
            {
                "x": -1.7499999999999993,
                "y": -3.031088913245535
            },
            {
                "x": 8.881784197001252e-16,
                "y": 2.8575091980104897e-16
            },
            {
                "x": -3.5000000000000013,
                "y": 5.715018396020982e-16
            }
        ]
    }
}